[{"model": "contenttypes.contenttype", "pk": 1, "fields": {"app_label": "admin", "model": "logentry"}}, {"model": "contenttypes.contenttype", "pk": 2, "fields": {"app_label": "constance", "model": "config"}}, {"model": "contenttypes.contenttype", "pk": 3, "fields": {"app_label": "auth", "model": "permission"}}, {"model": "contenttypes.contenttype", "pk": 4, "fields": {"app_label": "auth", "model": "group"}}, {"model": "contenttypes.contenttype", "pk": 5, "fields": {"app_label": "contenttypes", "model": "contenttype"}}, {"model": "contenttypes.contenttype", "pk": 6, "fields": {"app_label": "sessions", "model": "session"}}, {"model": "contenttypes.contenttype", "pk": 7, "fields": {"app_label": "accounts", "model": "customuser"}}, {"model": "contenttypes.contenttype", "pk": 8, "fields": {"app_label": "inventory", "model": "itemcategory"}}, {"model": "contenttypes.contenttype", "pk": 9, "fields": {"app_label": "inventory", "model": "supplier"}}, {"model": "contenttypes.contenttype", "pk": 10, "fields": {"app_label": "inventory", "model": "unit"}}, {"model": "contenttypes.contenttype", "pk": 11, "fields": {"app_label": "inventory", "model": "item"}}, {"model": "contenttypes.contenttype", "pk": 12, "fields": {"app_label": "pos", "model": "customer"}}, {"model": "contenttypes.contenttype", "pk": 13, "fields": {"app_label": "pos", "model": "payment"}}, {"model": "contenttypes.contenttype", "pk": 14, "fields": {"app_label": "pos", "model": "orderitem"}}, {"model": "contenttypes.contenttype", "pk": 15, "fields": {"app_label": "pos", "model": "order"}}, {"model": "sessions.session", "pk": "0id9vc53dwym1q05u862vgvuuopiek9u", "fields": {"session_data": "NzU1MzU4ZmM3MTA5ODc1YTA4MGUyODNiNTE0M2YxZGQ3OTA1OWVmZDp7Il9hdXRoX3VzZXJfaWQiOiIxIiwiX2F1dGhfdXNlcl9iYWNrZW5kIjoiZGphbmdvLmNvbnRyaWIuYXV0aC5iYWNrZW5kcy5Nb2RlbEJhY2tlbmQiLCJfYXV0aF91c2VyX2hhc2giOiJiZjEwODE3ODAzM2VmMmM5NDQ1NTAwOTI4OGFkODk1YjQwYTE0ODRiIn0=", "expire_date": "2021-08-08T09:04:45.669"}}, {"model": "sessions.session", "pk": "2l01hss738hs4ygao01uyfc227lh9k9j", "fields": {"session_data": "NzU1MzU4ZmM3MTA5ODc1YTA4MGUyODNiNTE0M2YxZGQ3OTA1OWVmZDp7Il9hdXRoX3VzZXJfaWQiOiIxIiwiX2F1dGhfdXNlcl9iYWNrZW5kIjoiZGphbmdvLmNvbnRyaWIuYXV0aC5iYWNrZW5kcy5Nb2RlbEJhY2tlbmQiLCJfYXV0aF91c2VyX2hhc2giOiJiZjEwODE3ODAzM2VmMmM5NDQ1NTAwOTI4OGFkODk1YjQwYTE0ODRiIn0=", "expire_date": "2021-06-07T14:35:13.418"}}, {"model": "sessions.session", "pk": "2t34m92z5zo8cgk759hsdry5jzhobexd", "fields": {"session_data": "NzU1MzU4ZmM3MTA5ODc1YTA4MGUyODNiNTE0M2YxZGQ3OTA1OWVmZDp7Il9hdXRoX3VzZXJfaWQiOiIxIiwiX2F1dGhfdXNlcl9iYWNrZW5kIjoiZGphbmdvLmNvbnRyaWIuYXV0aC5iYWNrZW5kcy5Nb2RlbEJhY2tlbmQiLCJfYXV0aF91c2VyX2hhc2giOiJiZjEwODE3ODAzM2VmMmM5NDQ1NTAwOTI4OGFkODk1YjQwYTE0ODRiIn0=", "expire_date": "2021-08-02T11:13:28.349"}}, {"model": "sessions.session", "pk": "3moi6y2o014yqpfsu9zpung0ze7sii7e", "fields": {"session_data": "NzU1MzU4ZmM3MTA5ODc1YTA4MGUyODNiNTE0M2YxZGQ3OTA1OWVmZDp7Il9hdXRoX3VzZXJfaWQiOiIxIiwiX2F1dGhfdXNlcl9iYWNrZW5kIjoiZGphbmdvLmNvbnRyaWIuYXV0aC5iYWNrZW5kcy5Nb2RlbEJhY2tlbmQiLCJfYXV0aF91c2VyX2hhc2giOiJiZjEwODE3ODAzM2VmMmM5NDQ1NTAwOTI4OGFkODk1YjQwYTE0ODRiIn0=", "expire_date": "2021-08-06T09:38:05.550"}}, {"model": "sessions.session", "pk": "4t65si5zc3k97l6dg57s0lpz28ygkxh2", "fields": {"session_data": "NzU1MzU4ZmM3MTA5ODc1YTA4MGUyODNiNTE0M2YxZGQ3OTA1OWVmZDp7Il9hdXRoX3VzZXJfaWQiOiIxIiwiX2F1dGhfdXNlcl9iYWNrZW5kIjoiZGphbmdvLmNvbnRyaWIuYXV0aC5iYWNrZW5kcy5Nb2RlbEJhY2tlbmQiLCJfYXV0aF91c2VyX2hhc2giOiJiZjEwODE3ODAzM2VmMmM5NDQ1NTAwOTI4OGFkODk1YjQwYTE0ODRiIn0=", "expire_date": "2021-05-29T07:45:35.012"}}, {"model": "sessions.session", "pk": "5iv2gnok9qsdbys6zy4y2ndslhbdze4o", "fields": {"session_data": "NzU1MzU4ZmM3MTA5ODc1YTA4MGUyODNiNTE0M2YxZGQ3OTA1OWVmZDp7Il9hdXRoX3VzZXJfaWQiOiIxIiwiX2F1dGhfdXNlcl9iYWNrZW5kIjoiZGphbmdvLmNvbnRyaWIuYXV0aC5iYWNrZW5kcy5Nb2RlbEJhY2tlbmQiLCJfYXV0aF91c2VyX2hhc2giOiJiZjEwODE3ODAzM2VmMmM5NDQ1NTAwOTI4OGFkODk1YjQwYTE0ODRiIn0=", "expire_date": "2021-06-05T10:24:55.740"}}, {"model": "sessions.session", "pk": "6p9r20p79qljnxvc9wvmrl2fu1q7iu6k", "fields": {"session_data": "NzU1MzU4ZmM3MTA5ODc1YTA4MGUyODNiNTE0M2YxZGQ3OTA1OWVmZDp7Il9hdXRoX3VzZXJfaWQiOiIxIiwiX2F1dGhfdXNlcl9iYWNrZW5kIjoiZGphbmdvLmNvbnRyaWIuYXV0aC5iYWNrZW5kcy5Nb2RlbEJhY2tlbmQiLCJfYXV0aF91c2VyX2hhc2giOiJiZjEwODE3ODAzM2VmMmM5NDQ1NTAwOTI4OGFkODk1YjQwYTE0ODRiIn0=", "expire_date": "2021-05-28T08:04:19.505"}}, {"model": "sessions.session", "pk": "72yficxnazd4m0os5lhuqzsrpjvu4t5w", "fields": {"session_data": "NzU1MzU4ZmM3MTA5ODc1YTA4MGUyODNiNTE0M2YxZGQ3OTA1OWVmZDp7Il9hdXRoX3VzZXJfaWQiOiIxIiwiX2F1dGhfdXNlcl9iYWNrZW5kIjoiZGphbmdvLmNvbnRyaWIuYXV0aC5iYWNrZW5kcy5Nb2RlbEJhY2tlbmQiLCJfYXV0aF91c2VyX2hhc2giOiJiZjEwODE3ODAzM2VmMmM5NDQ1NTAwOTI4OGFkODk1YjQwYTE0ODRiIn0=", "expire_date": "2021-07-30T17:06:34.539"}}, {"model": "sessions.session", "pk": "74znihvdsf0dveazki0xs6iz9y5lvkat", "fields": {"session_data": "NzU1MzU4ZmM3MTA5ODc1YTA4MGUyODNiNTE0M2YxZGQ3OTA1OWVmZDp7Il9hdXRoX3VzZXJfaWQiOiIxIiwiX2F1dGhfdXNlcl9iYWNrZW5kIjoiZGphbmdvLmNvbnRyaWIuYXV0aC5iYWNrZW5kcy5Nb2RlbEJhY2tlbmQiLCJfYXV0aF91c2VyX2hhc2giOiJiZjEwODE3ODAzM2VmMmM5NDQ1NTAwOTI4OGFkODk1YjQwYTE0ODRiIn0=", "expire_date": "2021-06-05T08:30:34.489"}}, {"model": "sessions.session", "pk": "7z9ruiqj8nq72ugwvr56gwciijo434rb", "fields": {"session_data": "NzU1MzU4ZmM3MTA5ODc1YTA4MGUyODNiNTE0M2YxZGQ3OTA1OWVmZDp7Il9hdXRoX3VzZXJfaWQiOiIxIiwiX2F1dGhfdXNlcl9iYWNrZW5kIjoiZGphbmdvLmNvbnRyaWIuYXV0aC5iYWNrZW5kcy5Nb2RlbEJhY2tlbmQiLCJfYXV0aF91c2VyX2hhc2giOiJiZjEwODE3ODAzM2VmMmM5NDQ1NTAwOTI4OGFkODk1YjQwYTE0ODRiIn0=", "expire_date": "2021-06-01T10:24:38.519"}}, {"model": "sessions.session", "pk": "908ivnd6gmmrp5kb8qf4yj5qns3fyo3a", "fields": {"session_data": "NzU1MzU4ZmM3MTA5ODc1YTA4MGUyODNiNTE0M2YxZGQ3OTA1OWVmZDp7Il9hdXRoX3VzZXJfaWQiOiIxIiwiX2F1dGhfdXNlcl9iYWNrZW5kIjoiZGphbmdvLmNvbnRyaWIuYXV0aC5iYWNrZW5kcy5Nb2RlbEJhY2tlbmQiLCJfYXV0aF91c2VyX2hhc2giOiJiZjEwODE3ODAzM2VmMmM5NDQ1NTAwOTI4OGFkODk1YjQwYTE0ODRiIn0=", "expire_date": "2021-08-06T07:09:58.045"}}, {"model": "sessions.session", "pk": "ca5f78pf0jxp2nooqyfclzd80itdkw45", "fields": {"session_data": "NzU1MzU4ZmM3MTA5ODc1YTA4MGUyODNiNTE0M2YxZGQ3OTA1OWVmZDp7Il9hdXRoX3VzZXJfaWQiOiIxIiwiX2F1dGhfdXNlcl9iYWNrZW5kIjoiZGphbmdvLmNvbnRyaWIuYXV0aC5iYWNrZW5kcy5Nb2RlbEJhY2tlbmQiLCJfYXV0aF91c2VyX2hhc2giOiJiZjEwODE3ODAzM2VmMmM5NDQ1NTAwOTI4OGFkODk1YjQwYTE0ODRiIn0=", "expire_date": "2021-08-06T09:30:55.532"}}, {"model": "sessions.session", "pk": "iadmxpam6uqvcl055pg1wgc70smq09fj", "fields": {"session_data": "NzU1MzU4ZmM3MTA5ODc1YTA4MGUyODNiNTE0M2YxZGQ3OTA1OWVmZDp7Il9hdXRoX3VzZXJfaWQiOiIxIiwiX2F1dGhfdXNlcl9iYWNrZW5kIjoiZGphbmdvLmNvbnRyaWIuYXV0aC5iYWNrZW5kcy5Nb2RlbEJhY2tlbmQiLCJfYXV0aF91c2VyX2hhc2giOiJiZjEwODE3ODAzM2VmMmM5NDQ1NTAwOTI4OGFkODk1YjQwYTE0ODRiIn0=", "expire_date": "2021-05-28T08:33:11.877"}}, {"model": "sessions.session", "pk": "o0a64kj83ixfd1xlbsdi7mud6q6ujjlv", "fields": {"session_data": "NzU1MzU4ZmM3MTA5ODc1YTA4MGUyODNiNTE0M2YxZGQ3OTA1OWVmZDp7Il9hdXRoX3VzZXJfaWQiOiIxIiwiX2F1dGhfdXNlcl9iYWNrZW5kIjoiZGphbmdvLmNvbnRyaWIuYXV0aC5iYWNrZW5kcy5Nb2RlbEJhY2tlbmQiLCJfYXV0aF91c2VyX2hhc2giOiJiZjEwODE3ODAzM2VmMmM5NDQ1NTAwOTI4OGFkODk1YjQwYTE0ODRiIn0=", "expire_date": "2021-06-05T10:50:32.881"}}, {"model": "sessions.session", "pk": "parb9pqb9jzaso9i9ta6ivyr3tmx1r1j", "fields": {"session_data": "NzU1MzU4ZmM3MTA5ODc1YTA4MGUyODNiNTE0M2YxZGQ3OTA1OWVmZDp7Il9hdXRoX3VzZXJfaWQiOiIxIiwiX2F1dGhfdXNlcl9iYWNrZW5kIjoiZGphbmdvLmNvbnRyaWIuYXV0aC5iYWNrZW5kcy5Nb2RlbEJhY2tlbmQiLCJfYXV0aF91c2VyX2hhc2giOiJiZjEwODE3ODAzM2VmMmM5NDQ1NTAwOTI4OGFkODk1YjQwYTE0ODRiIn0=", "expire_date": "2021-07-30T15:38:29.286"}}, {"model": "sessions.session", "pk": "v2bmcxc64rl77gdv3uw6auciulehw3mh", "fields": {"session_data": "NzU1MzU4ZmM3MTA5ODc1YTA4MGUyODNiNTE0M2YxZGQ3OTA1OWVmZDp7Il9hdXRoX3VzZXJfaWQiOiIxIiwiX2F1dGhfdXNlcl9iYWNrZW5kIjoiZGphbmdvLmNvbnRyaWIuYXV0aC5iYWNrZW5kcy5Nb2RlbEJhY2tlbmQiLCJfYXV0aF91c2VyX2hhc2giOiJiZjEwODE3ODAzM2VmMmM5NDQ1NTAwOTI4OGFkODk1YjQwYTE0ODRiIn0=", "expire_date": "2021-08-02T09:42:46.849"}}, {"model": "sessions.session", "pk": "yvlw5rv4zf3fjvglxp43un4s50ifk7b5", "fields": {"session_data": "NzU1MzU4ZmM3MTA5ODc1YTA4MGUyODNiNTE0M2YxZGQ3OTA1OWVmZDp7Il9hdXRoX3VzZXJfaWQiOiIxIiwiX2F1dGhfdXNlcl9iYWNrZW5kIjoiZGphbmdvLmNvbnRyaWIuYXV0aC5iYWNrZW5kcy5Nb2RlbEJhY2tlbmQiLCJfYXV0aF91c2VyX2hhc2giOiJiZjEwODE3ODAzM2VmMmM5NDQ1NTAwOTI4OGFkODk1YjQwYTE0ODRiIn0=", "expire_date": "2021-07-30T15:23:12.705"}}, {"model": "accounts.customuser", "pk": 1, "fields": {"password": "pbkdf2_sha256$180000$N7eenW8zVddC$BxMa4en08/oQl3viwKOQEEJ5qoIpHVFeYk3o7Qi4WW4=", "last_login": "2021-07-24T21:08:37.777", "email": "chiccochikaonda@gmail.com", "full_name": "Chicco Chikaonda", "user_role": "0999048474", "phone_number": null, "active": true, "admin": true, "superuser": true, "staff": true, "timestamp": "2021-05-14T07:55:25.134", "image": "display_image.php_vDd40Wv.jpg"}}, {"model": "accounts.customuser", "pk": 2, "fields": {"password": "pbkdf2_sha256$180000$rS2cscyhZBZc$8t+oy8+AfoSIs5OqxLlnhqIdgUHYIP0aEjm/qmsZtyc=", "last_login": null, "email": "michellechikaonda@gmail.com", "full_name": "Michelle Chikaonda", "user_role": "Admin", "phone_number": "0999048474", "active": true, "admin": true, "superuser": true, "staff": false, "timestamp": "2021-07-19T20:44:45.534", "image": "avatar0.jpg"}}, {"model": "accounts.customuser", "pk": 3, "fields": {"password": "pbkdf2_sha256$180000$O03Yrr6QWvH5$6HjvZS5q/DLQVzHEdY3Xxz6qUHxF4ljrlJ9YLfuZpZ4=", "last_login": null, "email": "alledachikaonda@gmail.com", "full_name": "Alleda Chikaonda", "user_role": "Admin", "phone_number": "0884085830", "active": true, "admin": true, "superuser": false, "staff": true, "timestamp": "2021-07-19T21:58:52.137", "image": "avatar0.jpg"}}, {"model": "accounts.customuser", "pk": 4, "fields": {"password": "pbkdf2_sha256$180000$1TRGJdkYTRjw$OL1PXm3rTXKqXS6T0REghpZMuq+B6iVJBG+K8oelgBE=", "last_login": null, "email": "epsiloncomputechmw@gmail.com", "full_name": "Epsilon Compu-Tech", "user_role": "User", "phone_number": "0888321420", "active": true, "admin": true, "superuser": false, "staff": true, "timestamp": "2021-07-20T15:07:04.205", "image": "avatar0.jpg"}}, {"model": "inventory.supplier", "pk": 1, "fields": {"name": "Castel Malawi Ltd", "address": "Box 55, Blantyre", "phone_number": "+265 111 3333", "description": "Supllier of Drinks"}}, {"model": "inventory.unit", "pk": 1, "fields": {"unit_short_name": "Crate", "unit_description": "Crate"}}, {"model": "inventory.unit", "pk": 2, "fields": {"unit_short_name": "Bottle", "unit_description": "Bottle"}}, {"model": "inventory.unit", "pk": 3, "fields": {"unit_short_name": "Cane", "unit_description": "Cane"}}, {"model": "inventory.itemcategory", "pk": 1, "fields": {"category_name": "Beer", "category_description": "Beer Items", "category_colour": "Green"}}, {"model": "inventory.itemcategory", "pk": 3, "fields": {"category_name": "Siders", "category_description": "Siders", "category_colour": "Red"}}, {"model": "inventory.itemcategory", "pk": 4, "fields": {"category_name": "Soft Drinks", "category_description": "Soft Drink Items", "category_colour": "Light Blue"}}, {"model": "inventory.item", "pk": 1, "fields": {"item_name": "Fanta 300ml", "item_description": "300ml", "unit": 2, "barcode": 35353535217, "image": "items/balls2_XKjkAT1.png", "supplier_name": 1, "ordered_price_currency": "MWK", "ordered_price": "250.00", "price_currency": "MWK", "price": "350.00", "discount_price_currency": "MWK", "discount_price": null, "category": 4, "quantity_at_hand": 429, "reorder_level": 50, "active": true, "slug": "fanta300ml"}}, {"model": "inventory.item", "pk": 2, "fields": {"item_name": "Green 300ml", "item_description": "Green 300ml", "unit": 2, "barcode": 353535, "image": "items/balls_3_NnRHl24.jpeg", "supplier_name": 1, "ordered_price_currency": "MWK", "ordered_price": "500.00", "price_currency": "MWK", "price": "700.00", "discount_price_currency": "MWK", "discount_price": null, "category": 1, "quantity_at_hand": 406, "reorder_level": 50, "active": true, "slug": "green300ml"}}, {"model": "inventory.item", "pk": 3, "fields": {"item_name": "Castel 300ml", "item_description": "Castel 300ml", "unit": 2, "barcode": 4454554, "image": "items/allydapng.png", "supplier_name": 1, "ordered_price_currency": "MWK", "ordered_price": "300.00", "price_currency": "MWK", "price": "500.00", "discount_price_currency": "MWK", "discount_price": null, "category": 1, "quantity_at_hand": 649, "reorder_level": 50, "active": true, "slug": "castel300ml"}}, {"model": "inventory.item", "pk": 4, "fields": {"item_name": "Special 300ml", "item_description": "Special 300ml", "unit": 2, "barcode": 3636636, "image": "items/epsilon_jcXCxNU.jpg", "supplier_name": 1, "ordered_price_currency": "MWK", "ordered_price": "600.00", "price_currency": "MWK", "price": "800.00", "discount_price_currency": "MWK", "discount_price": null, "category": 1, "quantity_at_hand": 657, "reorder_level": 50, "active": true, "slug": "special300ml"}}, {"model": "inventory.item", "pk": 5, "fields": {"item_name": "Castellite 300ml", "item_description": "Castellite 300ml", "unit": 2, "barcode": 636363, "image": "items/balls_GjuNFlN.jpg", "supplier_name": 1, "ordered_price_currency": "MWK", "ordered_price": "900.00", "price_currency": "MWK", "price": "1200.00", "discount_price_currency": "MWK", "discount_price": null, "category": 3, "quantity_at_hand": 386, "reorder_level": 20, "active": true, "slug": "castellite300ml"}}, {"model": "pos.customer", "pk": 1, "fields": {"name": "Walk In", "phone_number": "029393939", "total_orders": 9}}, {"model": "pos.customer", "pk": 2, "fields": {"name": "General Customer", "phone_number": "93939393", "total_orders": 13}}, {"model": "pos.customer", "pk": 3, "fields": {"name": "Chicco", "phone_number": "0399393", "total_orders": 26}}, {"model": "pos.customer", "pk": 4, "fields": {"name": "Linda", "phone_number": "039393939", "total_orders": 14}}, {"model": "pos.customer", "pk": 5, "fields": {"name": "Wina", "phone_number": "3003030", "total_orders": 14}}, {"model": "pos.customer", "pk": 6, "fields": {"name": "New Customer", "phone_number": "kkk", "total_orders": 10}}, {"model": "pos.customer", "pk": 7, "fields": {"name": "New Cus", "phone_number": "77777", "total_orders": 4}}, {"model": "pos.customer", "pk": 8, "fields": {"name": "Abwera Lero", "phone_number": "9999", "total_orders": 5}}, {"model": "pos.customer", "pk": 9, "fields": {"name": "Tammy", "phone_number": "099984848", "total_orders": 2}}, {"model": "pos.customer", "pk": 10, "fields": {"name": "chicicci", "phone_number": "772727", "total_orders": 2}}, {"model": "pos.customer", "pk": 11, "fields": {"name": "XYZ", "phone_number": "0202020", "total_orders": 1}}, {"model": "pos.customer", "pk": 12, "fields": {"name": "ABBCBCB", "phone_number": "888", "total_orders": 1}}, {"model": "pos.customer", "pk": 13, "fields": {"name": "Alick Macheso", "phone_number": "0999 756 777", "total_orders": 1}}, {"model": "pos.customer", "pk": 14, "fields": {"name": "Wachipewa", "phone_number": "0999000022", "total_orders": 1}}, {"model": "pos.orderitem", "pk": 2, "fields": {"user": 1, "item": 3, "customer": 1, "ordered": true, "quantity": 18, "ordered_item_price_currency": "MWK", "ordered_item_price": "500.00", "ordered_items_total_currency": "MWK", "ordered_items_total": "9000.00"}}, {"model": "pos.orderitem", "pk": 3, "fields": {"user": 1, "item": 4, "customer": 1, "ordered": true, "quantity": 5, "ordered_item_price_currency": "MWK", "ordered_item_price": "800.00", "ordered_items_total_currency": "MWK", "ordered_items_total": "4000.00"}}, {"model": "pos.orderitem", "pk": 7, "fields": {"user": 1, "item": 1, "customer": 3, "ordered": true, "quantity": 8, "ordered_item_price_currency": "MWK", "ordered_item_price": "0.00", "ordered_items_total_currency": "MWK", "ordered_items_total": "0.00"}}, {"model": "pos.orderitem", "pk": 8, "fields": {"user": 1, "item": 1, "customer": 3, "ordered": true, "quantity": 3, "ordered_item_price_currency": "MWK", "ordered_item_price": "300.00", "ordered_items_total_currency": "MWK", "ordered_items_total": "900.00"}}, {"model": "pos.orderitem", "pk": 9, "fields": {"user": 1, "item": 2, "customer": 3, "ordered": true, "quantity": 3, "ordered_item_price_currency": "MWK", "ordered_item_price": "700.00", "ordered_items_total_currency": "MWK", "ordered_items_total": "2100.00"}}, {"model": "pos.orderitem", "pk": 10, "fields": {"user": 1, "item": 1, "customer": 1, "ordered": true, "quantity": 1, "ordered_item_price_currency": "MWK", "ordered_item_price": "300.00", "ordered_items_total_currency": "MWK", "ordered_items_total": "300.00"}}, {"model": "pos.orderitem", "pk": 11, "fields": {"user": 1, "item": 1, "customer": 5, "ordered": true, "quantity": 10, "ordered_item_price_currency": "MWK", "ordered_item_price": "300.00", "ordered_items_total_currency": "MWK", "ordered_items_total": "3000.00"}}, {"model": "pos.orderitem", "pk": 12, "fields": {"user": 1, "item": 1, "customer": 2, "ordered": true, "quantity": 4, "ordered_item_price_currency": "MWK", "ordered_item_price": "300.00", "ordered_items_total_currency": "MWK", "ordered_items_total": "1200.00"}}, {"model": "pos.orderitem", "pk": 13, "fields": {"user": 1, "item": 2, "customer": 2, "ordered": true, "quantity": 5, "ordered_item_price_currency": "MWK", "ordered_item_price": "700.00", "ordered_items_total_currency": "MWK", "ordered_items_total": "3500.00"}}, {"model": "pos.orderitem", "pk": 14, "fields": {"user": 1, "item": 4, "customer": 2, "ordered": true, "quantity": 3, "ordered_item_price_currency": "MWK", "ordered_item_price": "800.00", "ordered_items_total_currency": "MWK", "ordered_items_total": "2400.00"}}, {"model": "pos.orderitem", "pk": 15, "fields": {"user": 1, "item": 1, "customer": 4, "ordered": true, "quantity": 8, "ordered_item_price_currency": "MWK", "ordered_item_price": "300.00", "ordered_items_total_currency": "MWK", "ordered_items_total": "2400.00"}}, {"model": "pos.orderitem", "pk": 16, "fields": {"user": 1, "item": 1, "customer": 6, "ordered": true, "quantity": 1, "ordered_item_price_currency": "MWK", "ordered_item_price": "300.00", "ordered_items_total_currency": "MWK", "ordered_items_total": "300.00"}}, {"model": "pos.orderitem", "pk": 17, "fields": {"user": 1, "item": 1, "customer": 2, "ordered": true, "quantity": 4, "ordered_item_price_currency": "MWK", "ordered_item_price": "300.00", "ordered_items_total_currency": "MWK", "ordered_items_total": "1200.00"}}, {"model": "pos.orderitem", "pk": 18, "fields": {"user": 1, "item": 1, "customer": 7, "ordered": true, "quantity": 4, "ordered_item_price_currency": "MWK", "ordered_item_price": "300.00", "ordered_items_total_currency": "MWK", "ordered_items_total": "1200.00"}}, {"model": "pos.orderitem", "pk": 19, "fields": {"user": 1, "item": 1, "customer": 3, "ordered": true, "quantity": 2, "ordered_item_price_currency": "MWK", "ordered_item_price": "300.00", "ordered_items_total_currency": "MWK", "ordered_items_total": "600.00"}}, {"model": "pos.orderitem", "pk": 20, "fields": {"user": 1, "item": 1, "customer": 4, "ordered": true, "quantity": 2, "ordered_item_price_currency": "MWK", "ordered_item_price": "300.00", "ordered_items_total_currency": "MWK", "ordered_items_total": "600.00"}}, {"model": "pos.orderitem", "pk": 21, "fields": {"user": 1, "item": 1, "customer": 1, "ordered": true, "quantity": 8, "ordered_item_price_currency": "MWK", "ordered_item_price": "300.00", "ordered_items_total_currency": "MWK", "ordered_items_total": "2400.00"}}, {"model": "pos.orderitem", "pk": 22, "fields": {"user": 1, "item": 1, "customer": 3, "ordered": true, "quantity": 6, "ordered_item_price_currency": "MWK", "ordered_item_price": "300.00", "ordered_items_total_currency": "MWK", "ordered_items_total": "1800.00"}}, {"model": "pos.orderitem", "pk": 23, "fields": {"user": 1, "item": 1, "customer": 3, "ordered": true, "quantity": 3, "ordered_item_price_currency": "MWK", "ordered_item_price": "300.00", "ordered_items_total_currency": "MWK", "ordered_items_total": "900.00"}}, {"model": "pos.orderitem", "pk": 24, "fields": {"user": 1, "item": 1, "customer": 3, "ordered": true, "quantity": 3, "ordered_item_price_currency": "MWK", "ordered_item_price": "300.00", "ordered_items_total_currency": "MWK", "ordered_items_total": "900.00"}}, {"model": "pos.orderitem", "pk": 25, "fields": {"user": 1, "item": 1, "customer": 2, "ordered": true, "quantity": 3, "ordered_item_price_currency": "MWK", "ordered_item_price": "300.00", "ordered_items_total_currency": "MWK", "ordered_items_total": "900.00"}}, {"model": "pos.orderitem", "pk": 26, "fields": {"user": 1, "item": 4, "customer": 2, "ordered": true, "quantity": 3, "ordered_item_price_currency": "MWK", "ordered_item_price": "800.00", "ordered_items_total_currency": "MWK", "ordered_items_total": "2400.00"}}, {"model": "pos.orderitem", "pk": 27, "fields": {"user": 1, "item": 1, "customer": 8, "ordered": true, "quantity": 3, "ordered_item_price_currency": "MWK", "ordered_item_price": "300.00", "ordered_items_total_currency": "MWK", "ordered_items_total": "900.00"}}, {"model": "pos.orderitem", "pk": 28, "fields": {"user": 1, "item": 2, "customer": 8, "ordered": true, "quantity": 6, "ordered_item_price_currency": "MWK", "ordered_item_price": "700.00", "ordered_items_total_currency": "MWK", "ordered_items_total": "4200.00"}}, {"model": "pos.orderitem", "pk": 29, "fields": {"user": 1, "item": 3, "customer": 5, "ordered": true, "quantity": 2, "ordered_item_price_currency": "MWK", "ordered_item_price": "500.00", "ordered_items_total_currency": "MWK", "ordered_items_total": "1000.00"}}, {"model": "pos.orderitem", "pk": 30, "fields": {"user": 1, "item": 1, "customer": 5, "ordered": true, "quantity": 4, "ordered_item_price_currency": "MWK", "ordered_item_price": "300.00", "ordered_items_total_currency": "MWK", "ordered_items_total": "1200.00"}}, {"model": "pos.orderitem", "pk": 31, "fields": {"user": 1, "item": 2, "customer": 5, "ordered": true, "quantity": 5, "ordered_item_price_currency": "MWK", "ordered_item_price": "700.00", "ordered_items_total_currency": "MWK", "ordered_items_total": "3500.00"}}, {"model": "pos.orderitem", "pk": 32, "fields": {"user": 1, "item": 5, "customer": 5, "ordered": true, "quantity": 3, "ordered_item_price_currency": "MWK", "ordered_item_price": "1200.00", "ordered_items_total_currency": "MWK", "ordered_items_total": "3600.00"}}, {"model": "pos.orderitem", "pk": 33, "fields": {"user": 1, "item": 4, "customer": 5, "ordered": true, "quantity": 4, "ordered_item_price_currency": "MWK", "ordered_item_price": "800.00", "ordered_items_total_currency": "MWK", "ordered_items_total": "3200.00"}}, {"model": "pos.orderitem", "pk": 34, "fields": {"user": 1, "item": 1, "customer": 3, "ordered": true, "quantity": 4, "ordered_item_price_currency": "MWK", "ordered_item_price": "300.00", "ordered_items_total_currency": "MWK", "ordered_items_total": "1200.00"}}, {"model": "pos.orderitem", "pk": 35, "fields": {"user": 1, "item": 4, "customer": 3, "ordered": true, "quantity": 2, "ordered_item_price_currency": "MWK", "ordered_item_price": "800.00", "ordered_items_total_currency": "MWK", "ordered_items_total": "1600.00"}}, {"model": "pos.orderitem", "pk": 36, "fields": {"user": 1, "item": 1, "customer": 3, "ordered": true, "quantity": 5, "ordered_item_price_currency": "MWK", "ordered_item_price": "300.00", "ordered_items_total_currency": "MWK", "ordered_items_total": "1500.00"}}, {"model": "pos.orderitem", "pk": 37, "fields": {"user": 1, "item": 1, "customer": 5, "ordered": true, "quantity": 2, "ordered_item_price_currency": "MWK", "ordered_item_price": "300.00", "ordered_items_total_currency": "MWK", "ordered_items_total": "600.00"}}, {"model": "pos.orderitem", "pk": 38, "fields": {"user": 1, "item": 2, "customer": 5, "ordered": true, "quantity": 5, "ordered_item_price_currency": "MWK", "ordered_item_price": "700.00", "ordered_items_total_currency": "MWK", "ordered_items_total": "3500.00"}}, {"model": "pos.orderitem", "pk": 39, "fields": {"user": 1, "item": 1, "customer": 4, "ordered": true, "quantity": 4, "ordered_item_price_currency": "MWK", "ordered_item_price": "300.00", "ordered_items_total_currency": "MWK", "ordered_items_total": "1200.00"}}, {"model": "pos.orderitem", "pk": 40, "fields": {"user": 1, "item": 1, "customer": 1, "ordered": true, "quantity": 5, "ordered_item_price_currency": "MWK", "ordered_item_price": "300.00", "ordered_items_total_currency": "MWK", "ordered_items_total": "1500.00"}}, {"model": "pos.orderitem", "pk": 41, "fields": {"user": 1, "item": 1, "customer": 6, "ordered": true, "quantity": 2, "ordered_item_price_currency": "MWK", "ordered_item_price": "300.00", "ordered_items_total_currency": "MWK", "ordered_items_total": "600.00"}}, {"model": "pos.orderitem", "pk": 42, "fields": {"user": 1, "item": 1, "customer": 3, "ordered": true, "quantity": 4, "ordered_item_price_currency": "MWK", "ordered_item_price": "300.00", "ordered_items_total_currency": "MWK", "ordered_items_total": "1200.00"}}, {"model": "pos.orderitem", "pk": 43, "fields": {"user": 1, "item": 2, "customer": 5, "ordered": true, "quantity": 3, "ordered_item_price_currency": "MWK", "ordered_item_price": "700.00", "ordered_items_total_currency": "MWK", "ordered_items_total": "2100.00"}}, {"model": "pos.orderitem", "pk": 44, "fields": {"user": 1, "item": 5, "customer": 3, "ordered": true, "quantity": 3, "ordered_item_price_currency": "MWK", "ordered_item_price": "1200.00", "ordered_items_total_currency": "MWK", "ordered_items_total": "3600.00"}}, {"model": "pos.orderitem", "pk": 45, "fields": {"user": 1, "item": 4, "customer": 6, "ordered": true, "quantity": 4, "ordered_item_price_currency": "MWK", "ordered_item_price": "800.00", "ordered_items_total_currency": "MWK", "ordered_items_total": "3200.00"}}, {"model": "pos.orderitem", "pk": 46, "fields": {"user": 1, "item": 1, "customer": 5, "ordered": true, "quantity": 8, "ordered_item_price_currency": "MWK", "ordered_item_price": "300.00", "ordered_items_total_currency": "MWK", "ordered_items_total": "2400.00"}}, {"model": "pos.orderitem", "pk": 47, "fields": {"user": 1, "item": 1, "customer": 2, "ordered": true, "quantity": 26, "ordered_item_price_currency": "MWK", "ordered_item_price": "300.00", "ordered_items_total_currency": "MWK", "ordered_items_total": "7800.00"}}, {"model": "pos.orderitem", "pk": 48, "fields": {"user": 1, "item": 1, "customer": 3, "ordered": true, "quantity": 3, "ordered_item_price_currency": "MWK", "ordered_item_price": "300.00", "ordered_items_total_currency": "MWK", "ordered_items_total": "900.00"}}, {"model": "pos.orderitem", "pk": 49, "fields": {"user": 1, "item": 1, "customer": 5, "ordered": true, "quantity": 2, "ordered_item_price_currency": "MWK", "ordered_item_price": "300.00", "ordered_items_total_currency": "MWK", "ordered_items_total": "600.00"}}, {"model": "pos.orderitem", "pk": 50, "fields": {"user": 1, "item": 1, "customer": 6, "ordered": true, "quantity": 1, "ordered_item_price_currency": "MWK", "ordered_item_price": "300.00", "ordered_items_total_currency": "MWK", "ordered_items_total": "300.00"}}, {"model": "pos.orderitem", "pk": 51, "fields": {"user": 1, "item": 1, "customer": 7, "ordered": true, "quantity": 3, "ordered_item_price_currency": "MWK", "ordered_item_price": "300.00", "ordered_items_total_currency": "MWK", "ordered_items_total": "900.00"}}, {"model": "pos.orderitem", "pk": 52, "fields": {"user": 1, "item": 2, "customer": 2, "ordered": true, "quantity": 14, "ordered_item_price_currency": "MWK", "ordered_item_price": "700.00", "ordered_items_total_currency": "MWK", "ordered_items_total": "9800.00"}}, {"model": "pos.orderitem", "pk": 54, "fields": {"user": 1, "item": 1, "customer": 3, "ordered": true, "quantity": 2, "ordered_item_price_currency": "MWK", "ordered_item_price": "300.00", "ordered_items_total_currency": "MWK", "ordered_items_total": "600.00"}}, {"model": "pos.orderitem", "pk": 55, "fields": {"user": 1, "item": 1, "customer": 4, "ordered": true, "quantity": 2, "ordered_item_price_currency": "MWK", "ordered_item_price": "300.00", "ordered_items_total_currency": "MWK", "ordered_items_total": "600.00"}}, {"model": "pos.orderitem", "pk": 56, "fields": {"user": 1, "item": 1, "customer": 3, "ordered": true, "quantity": 5, "ordered_item_price_currency": "MWK", "ordered_item_price": "300.00", "ordered_items_total_currency": "MWK", "ordered_items_total": "1500.00"}}, {"model": "pos.orderitem", "pk": 57, "fields": {"user": 1, "item": 1, "customer": 5, "ordered": true, "quantity": 3, "ordered_item_price_currency": "MWK", "ordered_item_price": "300.00", "ordered_items_total_currency": "MWK", "ordered_items_total": "900.00"}}, {"model": "pos.orderitem", "pk": 58, "fields": {"user": 1, "item": 1, "customer": 9, "ordered": true, "quantity": 2, "ordered_item_price_currency": "MWK", "ordered_item_price": "300.00", "ordered_items_total_currency": "MWK", "ordered_items_total": "600.00"}}, {"model": "pos.orderitem", "pk": 59, "fields": {"user": 1, "item": 1, "customer": 3, "ordered": true, "quantity": 4, "ordered_item_price_currency": "MWK", "ordered_item_price": "300.00", "ordered_items_total_currency": "MWK", "ordered_items_total": "1200.00"}}, {"model": "pos.orderitem", "pk": 60, "fields": {"user": 1, "item": 4, "customer": 3, "ordered": true, "quantity": 5, "ordered_item_price_currency": "MWK", "ordered_item_price": "800.00", "ordered_items_total_currency": "MWK", "ordered_items_total": "4000.00"}}, {"model": "pos.orderitem", "pk": 61, "fields": {"user": 1, "item": 3, "customer": 1, "ordered": true, "quantity": 3, "ordered_item_price_currency": "MWK", "ordered_item_price": "500.00", "ordered_items_total_currency": "MWK", "ordered_items_total": "1500.00"}}, {"model": "pos.orderitem", "pk": 64, "fields": {"user": 1, "item": 1, "customer": 2, "ordered": true, "quantity": 2, "ordered_item_price_currency": "MWK", "ordered_item_price": "300.00", "ordered_items_total_currency": "MWK", "ordered_items_total": "600.00"}}, {"model": "pos.orderitem", "pk": 70, "fields": {"user": 1, "item": 4, "customer": 10, "ordered": true, "quantity": 5, "ordered_item_price_currency": "MWK", "ordered_item_price": "800.00", "ordered_items_total_currency": "MWK", "ordered_items_total": "4000.00"}}, {"model": "pos.orderitem", "pk": 71, "fields": {"user": 1, "item": 1, "customer": 10, "ordered": true, "quantity": 3, "ordered_item_price_currency": "MWK", "ordered_item_price": "300.00", "ordered_items_total_currency": "MWK", "ordered_items_total": "900.00"}}, {"model": "pos.orderitem", "pk": 72, "fields": {"user": 1, "item": 2, "customer": 10, "ordered": true, "quantity": 5, "ordered_item_price_currency": "MWK", "ordered_item_price": "700.00", "ordered_items_total_currency": "MWK", "ordered_items_total": "3500.00"}}, {"model": "pos.orderitem", "pk": 75, "fields": {"user": 1, "item": 1, "customer": 5, "ordered": true, "quantity": 1, "ordered_item_price_currency": "MWK", "ordered_item_price": "300.00", "ordered_items_total_currency": "MWK", "ordered_items_total": "300.00"}}, {"model": "pos.orderitem", "pk": 76, "fields": {"user": 1, "item": 1, "customer": 13, "ordered": true, "quantity": 1, "ordered_item_price_currency": "MWK", "ordered_item_price": "300.00", "ordered_items_total_currency": "MWK", "ordered_items_total": "300.00"}}, {"model": "pos.orderitem", "pk": 78, "fields": {"user": 1, "item": 1, "customer": 1, "ordered": true, "quantity": 2, "ordered_item_price_currency": "MWK", "ordered_item_price": "300.00", "ordered_items_total_currency": "MWK", "ordered_items_total": "600.00"}}, {"model": "pos.orderitem", "pk": 79, "fields": {"user": 1, "item": 1, "customer": 2, "ordered": true, "quantity": 9, "ordered_item_price_currency": "MWK", "ordered_item_price": "350.00", "ordered_items_total_currency": "MWK", "ordered_items_total": "3150.00"}}, {"model": "pos.orderitem", "pk": 80, "fields": {"user": 1, "item": 3, "customer": 1, "ordered": true, "quantity": 2, "ordered_item_price_currency": "MWK", "ordered_item_price": "500.00", "ordered_items_total_currency": "MWK", "ordered_items_total": "1000.00"}}, {"model": "pos.orderitem", "pk": 81, "fields": {"user": 1, "item": 1, "customer": 1, "ordered": true, "quantity": 1, "ordered_item_price_currency": "MWK", "ordered_item_price": "350.00", "ordered_items_total_currency": "MWK", "ordered_items_total": "350.00"}}, {"model": "pos.orderitem", "pk": 82, "fields": {"user": 1, "item": 1, "customer": 4, "ordered": true, "quantity": 2, "ordered_item_price_currency": "MWK", "ordered_item_price": "350.00", "ordered_items_total_currency": "MWK", "ordered_items_total": "700.00"}}, {"model": "pos.orderitem", "pk": 83, "fields": {"user": 1, "item": 1, "customer": 1, "ordered": true, "quantity": 2, "ordered_item_price_currency": "MWK", "ordered_item_price": "350.00", "ordered_items_total_currency": "MWK", "ordered_items_total": "700.00"}}, {"model": "pos.orderitem", "pk": 84, "fields": {"user": 1, "item": 1, "customer": 5, "ordered": true, "quantity": 1, "ordered_item_price_currency": "MWK", "ordered_item_price": "350.00", "ordered_items_total_currency": "MWK", "ordered_items_total": "350.00"}}, {"model": "pos.orderitem", "pk": 85, "fields": {"user": 1, "item": 4, "customer": 4, "ordered": true, "quantity": 2, "ordered_item_price_currency": "MWK", "ordered_item_price": "800.00", "ordered_items_total_currency": "MWK", "ordered_items_total": "1600.00"}}, {"model": "pos.orderitem", "pk": 86, "fields": {"user": 1, "item": 1, "customer": 8, "ordered": true, "quantity": 5, "ordered_item_price_currency": "MWK", "ordered_item_price": "350.00", "ordered_items_total_currency": "MWK", "ordered_items_total": "1750.00"}}, {"model": "pos.orderitem", "pk": 87, "fields": {"user": 1, "item": 1, "customer": 1, "ordered": true, "quantity": 4, "ordered_item_price_currency": "MWK", "ordered_item_price": "350.00", "ordered_items_total_currency": "MWK", "ordered_items_total": "1400.00"}}, {"model": "pos.orderitem", "pk": 88, "fields": {"user": 1, "item": 1, "customer": 2, "ordered": true, "quantity": 3, "ordered_item_price_currency": "MWK", "ordered_item_price": "350.00", "ordered_items_total_currency": "MWK", "ordered_items_total": "1050.00"}}, {"model": "pos.orderitem", "pk": 89, "fields": {"user": 1, "item": 3, "customer": 8, "ordered": true, "quantity": 1, "ordered_item_price_currency": "MWK", "ordered_item_price": "500.00", "ordered_items_total_currency": "MWK", "ordered_items_total": "500.00"}}, {"model": "pos.orderitem", "pk": 90, "fields": {"user": 1, "item": 2, "customer": 8, "ordered": true, "quantity": 5, "ordered_item_price_currency": "MWK", "ordered_item_price": "700.00", "ordered_items_total_currency": "MWK", "ordered_items_total": "3500.00"}}, {"model": "pos.orderitem", "pk": 91, "fields": {"user": 1, "item": 3, "customer": 2, "ordered": true, "quantity": 3, "ordered_item_price_currency": "MWK", "ordered_item_price": "500.00", "ordered_items_total_currency": "MWK", "ordered_items_total": "1500.00"}}, {"model": "pos.orderitem", "pk": 92, "fields": {"user": 1, "item": 2, "customer": 2, "ordered": true, "quantity": 4, "ordered_item_price_currency": "MWK", "ordered_item_price": "700.00", "ordered_items_total_currency": "MWK", "ordered_items_total": "2800.00"}}, {"model": "pos.orderitem", "pk": 93, "fields": {"user": 1, "item": 3, "customer": 6, "ordered": true, "quantity": 5, "ordered_item_price_currency": "MWK", "ordered_item_price": "500.00", "ordered_items_total_currency": "MWK", "ordered_items_total": "2500.00"}}, {"model": "pos.orderitem", "pk": 94, "fields": {"user": 1, "item": 1, "customer": 6, "ordered": true, "quantity": 8, "ordered_item_price_currency": "MWK", "ordered_item_price": "350.00", "ordered_items_total_currency": "MWK", "ordered_items_total": "2800.00"}}, {"model": "pos.orderitem", "pk": 95, "fields": {"user": 1, "item": 5, "customer": 6, "ordered": true, "quantity": 3, "ordered_item_price_currency": "MWK", "ordered_item_price": "1200.00", "ordered_items_total_currency": "MWK", "ordered_items_total": "3600.00"}}, {"model": "pos.orderitem", "pk": 96, "fields": {"user": 1, "item": 2, "customer": 6, "ordered": true, "quantity": 1, "ordered_item_price_currency": "MWK", "ordered_item_price": "700.00", "ordered_items_total_currency": "MWK", "ordered_items_total": "700.00"}}, {"model": "pos.orderitem", "pk": 97, "fields": {"user": 1, "item": 4, "customer": 1, "ordered": true, "quantity": 1, "ordered_item_price_currency": "MWK", "ordered_item_price": "800.00", "ordered_items_total_currency": "MWK", "ordered_items_total": "800.00"}}, {"model": "pos.orderitem", "pk": 98, "fields": {"user": 1, "item": 3, "customer": 1, "ordered": true, "quantity": 1, "ordered_item_price_currency": "MWK", "ordered_item_price": "500.00", "ordered_items_total_currency": "MWK", "ordered_items_total": "500.00"}}, {"model": "pos.orderitem", "pk": 99, "fields": {"user": 1, "item": 1, "customer": 12, "ordered": true, "quantity": 1, "ordered_item_price_currency": "MWK", "ordered_item_price": "350.00", "ordered_items_total_currency": "MWK", "ordered_items_total": "350.00"}}, {"model": "pos.orderitem", "pk": 100, "fields": {"user": 1, "item": 2, "customer": 12, "ordered": true, "quantity": 2, "ordered_item_price_currency": "MWK", "ordered_item_price": "700.00", "ordered_items_total_currency": "MWK", "ordered_items_total": "1400.00"}}, {"model": "pos.orderitem", "pk": 101, "fields": {"user": 1, "item": 2, "customer": 5, "ordered": true, "quantity": 3, "ordered_item_price_currency": "MWK", "ordered_item_price": "700.00", "ordered_items_total_currency": "MWK", "ordered_items_total": "2100.00"}}, {"model": "pos.orderitem", "pk": 102, "fields": {"user": 1, "item": 1, "customer": 5, "ordered": true, "quantity": 3, "ordered_item_price_currency": "MWK", "ordered_item_price": "350.00", "ordered_items_total_currency": "MWK", "ordered_items_total": "1050.00"}}, {"model": "pos.orderitem", "pk": 103, "fields": {"user": 1, "item": 3, "customer": 4, "ordered": true, "quantity": 3, "ordered_item_price_currency": "MWK", "ordered_item_price": "500.00", "ordered_items_total_currency": "MWK", "ordered_items_total": "1500.00"}}, {"model": "pos.orderitem", "pk": 104, "fields": {"user": 1, "item": 4, "customer": 4, "ordered": true, "quantity": 3, "ordered_item_price_currency": "MWK", "ordered_item_price": "800.00", "ordered_items_total_currency": "MWK", "ordered_items_total": "2400.00"}}, {"model": "pos.orderitem", "pk": 105, "fields": {"user": 1, "item": 1, "customer": 4, "ordered": true, "quantity": 3, "ordered_item_price_currency": "MWK", "ordered_item_price": "350.00", "ordered_items_total_currency": "MWK", "ordered_items_total": "1050.00"}}, {"model": "pos.orderitem", "pk": 106, "fields": {"user": 1, "item": 2, "customer": 4, "ordered": true, "quantity": 2, "ordered_item_price_currency": "MWK", "ordered_item_price": "700.00", "ordered_items_total_currency": "MWK", "ordered_items_total": "1400.00"}}, {"model": "pos.orderitem", "pk": 107, "fields": {"user": 1, "item": 1, "customer": 4, "ordered": true, "quantity": 3, "ordered_item_price_currency": "MWK", "ordered_item_price": "350.00", "ordered_items_total_currency": "MWK", "ordered_items_total": "1050.00"}}, {"model": "pos.orderitem", "pk": 108, "fields": {"user": 1, "item": 1, "customer": 6, "ordered": true, "quantity": 3, "ordered_item_price_currency": "MWK", "ordered_item_price": "350.00", "ordered_items_total_currency": "MWK", "ordered_items_total": "1050.00"}}, {"model": "pos.orderitem", "pk": 109, "fields": {"user": 1, "item": 1, "customer": 10, "ordered": true, "quantity": 3, "ordered_item_price_currency": "MWK", "ordered_item_price": "350.00", "ordered_items_total_currency": "MWK", "ordered_items_total": "1050.00"}}, {"model": "pos.orderitem", "pk": 110, "fields": {"user": 1, "item": 3, "customer": 10, "ordered": true, "quantity": 3, "ordered_item_price_currency": "MWK", "ordered_item_price": "500.00", "ordered_items_total_currency": "MWK", "ordered_items_total": "1500.00"}}, {"model": "pos.orderitem", "pk": 111, "fields": {"user": 1, "item": 1, "customer": 11, "ordered": true, "quantity": 6, "ordered_item_price_currency": "MWK", "ordered_item_price": "350.00", "ordered_items_total_currency": "MWK", "ordered_items_total": "2100.00"}}, {"model": "pos.orderitem", "pk": 112, "fields": {"user": 1, "item": 1, "customer": 5, "ordered": true, "quantity": 4, "ordered_item_price_currency": "MWK", "ordered_item_price": "350.00", "ordered_items_total_currency": "MWK", "ordered_items_total": "1400.00"}}, {"model": "pos.orderitem", "pk": 113, "fields": {"user": 1, "item": 3, "customer": 8, "ordered": true, "quantity": 2, "ordered_item_price_currency": "MWK", "ordered_item_price": "500.00", "ordered_items_total_currency": "MWK", "ordered_items_total": "1000.00"}}, {"model": "pos.orderitem", "pk": 114, "fields": {"user": 1, "item": 5, "customer": 8, "ordered": true, "quantity": 3, "ordered_item_price_currency": "MWK", "ordered_item_price": "1200.00", "ordered_items_total_currency": "MWK", "ordered_items_total": "3600.00"}}, {"model": "pos.orderitem", "pk": 115, "fields": {"user": 1, "item": 1, "customer": 8, "ordered": true, "quantity": 5, "ordered_item_price_currency": "MWK", "ordered_item_price": "350.00", "ordered_items_total_currency": "MWK", "ordered_items_total": "1750.00"}}, {"model": "pos.orderitem", "pk": 116, "fields": {"user": 1, "item": 2, "customer": 9, "ordered": true, "quantity": 6, "ordered_item_price_currency": "MWK", "ordered_item_price": "700.00", "ordered_items_total_currency": "MWK", "ordered_items_total": "4200.00"}}, {"model": "pos.orderitem", "pk": 118, "fields": {"user": 1, "item": 1, "customer": 9, "ordered": true, "quantity": 5, "ordered_item_price_currency": "MWK", "ordered_item_price": "350.00", "ordered_items_total_currency": "MWK", "ordered_items_total": "1750.00"}}, {"model": "pos.orderitem", "pk": 140, "fields": {"user": 1, "item": 1, "customer": 8, "ordered": true, "quantity": 19, "ordered_item_price_currency": "MWK", "ordered_item_price": "350.00", "ordered_items_total_currency": "MWK", "ordered_items_total": "6650.00"}}, {"model": "pos.orderitem", "pk": 155, "fields": {"user": 1, "item": 2, "customer": 8, "ordered": true, "quantity": 12, "ordered_item_price_currency": "MWK", "ordered_item_price": "700.00", "ordered_items_total_currency": "MWK", "ordered_items_total": "8400.00"}}, {"model": "pos.orderitem", "pk": 158, "fields": {"user": 1, "item": 4, "customer": 8, "ordered": true, "quantity": 3, "ordered_item_price_currency": "MWK", "ordered_item_price": "800.00", "ordered_items_total_currency": "MWK", "ordered_items_total": "2400.00"}}, {"model": "pos.orderitem", "pk": 159, "fields": {"user": 1, "item": 1, "customer": 6, "ordered": true, "quantity": 5, "ordered_item_price_currency": "MWK", "ordered_item_price": "350.00", "ordered_items_total_currency": "MWK", "ordered_items_total": "1750.00"}}, {"model": "pos.orderitem", "pk": 160, "fields": {"user": 1, "item": 3, "customer": 2, "ordered": true, "quantity": 4, "ordered_item_price_currency": "MWK", "ordered_item_price": "500.00", "ordered_items_total_currency": "MWK", "ordered_items_total": "2000.00"}}, {"model": "pos.orderitem", "pk": 161, "fields": {"user": 1, "item": 2, "customer": 2, "ordered": true, "quantity": 4, "ordered_item_price_currency": "MWK", "ordered_item_price": "700.00", "ordered_items_total_currency": "MWK", "ordered_items_total": "2800.00"}}, {"model": "pos.orderitem", "pk": 162, "fields": {"user": 1, "item": 1, "customer": 7, "ordered": true, "quantity": 4, "ordered_item_price_currency": "MWK", "ordered_item_price": "350.00", "ordered_items_total_currency": "MWK", "ordered_items_total": "1400.00"}}, {"model": "pos.orderitem", "pk": 163, "fields": {"user": 1, "item": 3, "customer": 14, "ordered": true, "quantity": 1, "ordered_item_price_currency": "MWK", "ordered_item_price": "500.00", "ordered_items_total_currency": "MWK", "ordered_items_total": "500.00"}}, {"model": "pos.orderitem", "pk": 165, "fields": {"user": 1, "item": 1, "customer": 14, "ordered": true, "quantity": 8, "ordered_item_price_currency": "MWK", "ordered_item_price": "350.00", "ordered_items_total_currency": "MWK", "ordered_items_total": "2800.00"}}, {"model": "pos.payment", "pk": 1, "fields": {"customer": null, "payment_mode": "Cash", "paid_amount_currency": "MWK", "paid_amount": "0.00", "reference": null}}, {"model": "pos.payment", "pk": 2, "fields": {"customer": null, "payment_mode": "Cash", "paid_amount_currency": "MWK", "paid_amount": "5000.00", "reference": null}}, {"model": "pos.payment", "pk": 3, "fields": {"customer": null, "payment_mode": "Cash", "paid_amount_currency": "MWK", "paid_amount": "1000.00", "reference": null}}, {"model": "pos.payment", "pk": 4, "fields": {"customer": null, "payment_mode": "Cash", "paid_amount_currency": "MWK", "paid_amount": "6000.00", "reference": null}}, {"model": "pos.payment", "pk": 5, "fields": {"customer": null, "payment_mode": "Cash", "paid_amount_currency": "MWK", "paid_amount": "8000.00", "reference": null}}, {"model": "pos.payment", "pk": 6, "fields": {"customer": null, "payment_mode": "Mpamba", "paid_amount_currency": "MWK", "paid_amount": "50000.00", "reference": null}}, {"model": "pos.payment", "pk": 7, "fields": {"customer": null, "payment_mode": "Cash", "paid_amount_currency": "MWK", "paid_amount": "30000.00", "reference": null}}, {"model": "pos.payment", "pk": 8, "fields": {"customer": null, "payment_mode": "Cash", "paid_amount_currency": "MWK", "paid_amount": "90000.00", "reference": null}}, {"model": "pos.payment", "pk": 9, "fields": {"customer": null, "payment_mode": "Mpamba", "paid_amount_currency": "MWK", "paid_amount": "50500.00", "reference": null}}, {"model": "pos.payment", "pk": 10, "fields": {"customer": null, "payment_mode": "Airtel Money", "paid_amount_currency": "MWK", "paid_amount": "78000.00", "reference": null}}, {"model": "pos.payment", "pk": 11, "fields": {"customer": null, "payment_mode": "Cash", "paid_amount_currency": "MWK", "paid_amount": "2000.00", "reference": null}}, {"model": "pos.payment", "pk": 12, "fields": {"customer": null, "payment_mode": "Mpamba", "paid_amount_currency": "MWK", "paid_amount": "63000.00", "reference": null}}, {"model": "pos.payment", "pk": 13, "fields": {"customer": null, "payment_mode": "Cash", "paid_amount_currency": "MWK", "paid_amount": "10000.00", "reference": null}}, {"model": "pos.payment", "pk": 14, "fields": {"customer": null, "payment_mode": "Cash", "paid_amount_currency": "MWK", "paid_amount": "4000.00", "reference": null}}, {"model": "pos.payment", "pk": 15, "fields": {"customer": null, "payment_mode": "Mpamba", "paid_amount_currency": "MWK", "paid_amount": "30000.00", "reference": null}}, {"model": "pos.payment", "pk": 16, "fields": {"customer": null, "payment_mode": "Airtel Money", "paid_amount_currency": "MWK", "paid_amount": "2000.00", "reference": null}}, {"model": "pos.payment", "pk": 17, "fields": {"customer": null, "payment_mode": "Mpamba", "paid_amount_currency": "MWK", "paid_amount": "4000.00", "reference": null}}, {"model": "pos.payment", "pk": 18, "fields": {"customer": null, "payment_mode": "Cash", "paid_amount_currency": "MWK", "paid_amount": "79000.00", "reference": null}}, {"model": "pos.payment", "pk": 19, "fields": {"customer": null, "payment_mode": "Cash", "paid_amount_currency": "MWK", "paid_amount": "6565656.00", "reference": null}}, {"model": "pos.payment", "pk": 20, "fields": {"customer": null, "payment_mode": "Airtel Money", "paid_amount_currency": "MWK", "paid_amount": "1010101010.00", "reference": null}}, {"model": "pos.payment", "pk": 21, "fields": {"customer": null, "payment_mode": "Mpamba", "paid_amount_currency": "MWK", "paid_amount": "820093993.00", "reference": "8484848"}}, {"model": "pos.payment", "pk": 22, "fields": {"customer": null, "payment_mode": "Airtel Money", "paid_amount_currency": "MWK", "paid_amount": "9090909090.00", "reference": "8484848"}}, {"model": "pos.payment", "pk": 23, "fields": {"customer": null, "payment_mode": "Cash", "paid_amount_currency": "MWK", "paid_amount": "777777777777.00", "reference": null}}, {"model": "pos.payment", "pk": 24, "fields": {"customer": null, "payment_mode": "Cash", "paid_amount_currency": "MWK", "paid_amount": "0.00", "reference": null}}, {"model": "pos.payment", "pk": 25, "fields": {"customer": null, "payment_mode": "Cash", "paid_amount_currency": "MWK", "paid_amount": "3000.00", "reference": null}}, {"model": "pos.payment", "pk": 26, "fields": {"customer": null, "payment_mode": "Cash", "paid_amount_currency": "MWK", "paid_amount": "30000.00", "reference": null}}, {"model": "pos.payment", "pk": 27, "fields": {"customer": null, "payment_mode": "Cash", "paid_amount_currency": "MWK", "paid_amount": "3000.00", "reference": null}}, {"model": "pos.payment", "pk": 28, "fields": {"customer": null, "payment_mode": "Cash", "paid_amount_currency": "MWK", "paid_amount": "2000.00", "reference": null}}, {"model": "pos.payment", "pk": 29, "fields": {"customer": null, "payment_mode": "Cash", "paid_amount_currency": "MWK", "paid_amount": "4000.00", "reference": null}}, {"model": "pos.payment", "pk": 30, "fields": {"customer": null, "payment_mode": "Cash", "paid_amount_currency": "MWK", "paid_amount": "4000.00", "reference": null}}, {"model": "pos.payment", "pk": 31, "fields": {"customer": null, "payment_mode": "Cash", "paid_amount_currency": "MWK", "paid_amount": "2000.00", "reference": null}}, {"model": "pos.payment", "pk": 32, "fields": {"customer": null, "payment_mode": "Cash", "paid_amount_currency": "MWK", "paid_amount": "2000.00", "reference": null}}, {"model": "pos.payment", "pk": 33, "fields": {"customer": null, "payment_mode": "Cash", "paid_amount_currency": "MWK", "paid_amount": "4000.00", "reference": null}}, {"model": "pos.payment", "pk": 34, "fields": {"customer": null, "payment_mode": "Cash", "paid_amount_currency": "MWK", "paid_amount": "30008747474.00", "reference": null}}, {"model": "pos.payment", "pk": 35, "fields": {"customer": null, "payment_mode": "Cash", "paid_amount_currency": "MWK", "paid_amount": "6000.00", "reference": null}}, {"model": "pos.payment", "pk": 36, "fields": {"customer": null, "payment_mode": "Airtel Money", "paid_amount_currency": "MWK", "paid_amount": "30000.00", "reference": null}}, {"model": "pos.payment", "pk": 37, "fields": {"customer": null, "payment_mode": "Mpamba", "paid_amount_currency": "MWK", "paid_amount": "60000.00", "reference": null}}, {"model": "pos.payment", "pk": 38, "fields": {"customer": null, "payment_mode": "Mpamba", "paid_amount_currency": "MWK", "paid_amount": "4000.00", "reference": "MPA2222"}}, {"model": "pos.payment", "pk": 39, "fields": {"customer": null, "payment_mode": "Airtel Money", "paid_amount_currency": "MWK", "paid_amount": "30000.00", "reference": "CASH"}}, {"model": "pos.payment", "pk": 40, "fields": {"customer": null, "payment_mode": "Airtel Money", "paid_amount_currency": "MWK", "paid_amount": "747474747.00", "reference": "HDHDFHDH"}}, {"model": "pos.payment", "pk": 41, "fields": {"customer": null, "payment_mode": "Airtel Money", "paid_amount_currency": "MWK", "paid_amount": "1000.00", "reference": "48844YHFHF"}}, {"model": "pos.payment", "pk": 42, "fields": {"customer": null, "payment_mode": "Cash", "paid_amount_currency": "MWK", "paid_amount": "94949494.00", "reference": "CASH"}}, {"model": "pos.payment", "pk": 43, "fields": {"customer": null, "payment_mode": "Cash", "paid_amount_currency": "MWK", "paid_amount": "494949.00", "reference": "CASH"}}, {"model": "pos.payment", "pk": 44, "fields": {"customer": null, "payment_mode": "Mpamba", "paid_amount_currency": "MWK", "paid_amount": "900000.00", "reference": "Mpakdd"}}, {"model": "pos.payment", "pk": 45, "fields": {"customer": null, "payment_mode": "Cash", "paid_amount_currency": "MWK", "paid_amount": "9494949.00", "reference": "jfjfjf"}}, {"model": "pos.payment", "pk": 46, "fields": {"customer": null, "payment_mode": "Airtel Money", "paid_amount_currency": "MWK", "paid_amount": "7000.00", "reference": "SHHS83838"}}, {"model": "pos.payment", "pk": 47, "fields": {"customer": null, "payment_mode": "Cash", "paid_amount_currency": "MWK", "paid_amount": "848484.00", "reference": "CASH"}}, {"model": "pos.payment", "pk": 48, "fields": {"customer": null, "payment_mode": "Cash", "paid_amount_currency": "MWK", "paid_amount": "2000.00", "reference": "CASH"}}, {"model": "pos.payment", "pk": 49, "fields": {"customer": null, "payment_mode": "Mpamba", "paid_amount_currency": "MWK", "paid_amount": "5000.00", "reference": "575757"}}, {"model": "pos.payment", "pk": 50, "fields": {"customer": null, "payment_mode": "Mpamba", "paid_amount_currency": "MWK", "paid_amount": "4000.00", "reference": "8484848"}}, {"model": "pos.payment", "pk": 51, "fields": {"customer": null, "payment_mode": "Airtel Money", "paid_amount_currency": "MWK", "paid_amount": "50000.00", "reference": "uuru"}}, {"model": "pos.payment", "pk": 52, "fields": {"customer": null, "payment_mode": "Cash", "paid_amount_currency": "MWK", "paid_amount": "1000.00", "reference": "CASH"}}, {"model": "pos.payment", "pk": 53, "fields": {"customer": null, "payment_mode": "Cash", "paid_amount_currency": "MWK", "paid_amount": "2000.00", "reference": "CASH"}}, {"model": "pos.payment", "pk": 54, "fields": {"customer": null, "payment_mode": "Cash", "paid_amount_currency": "MWK", "paid_amount": "2000.00", "reference": "CASH"}}, {"model": "pos.payment", "pk": 55, "fields": {"customer": null, "payment_mode": "Cash", "paid_amount_currency": "MWK", "paid_amount": "2000.00", "reference": "CASH"}}, {"model": "pos.payment", "pk": 56, "fields": {"customer": null, "payment_mode": "Mpamba", "paid_amount_currency": "MWK", "paid_amount": "2000.00", "reference": "KKKK"}}, {"model": "pos.payment", "pk": 57, "fields": {"customer": null, "payment_mode": "Mpamba", "paid_amount_currency": "MWK", "paid_amount": "7000.00", "reference": "8484848"}}, {"model": "pos.payment", "pk": 58, "fields": {"customer": null, "payment_mode": "Cash", "paid_amount_currency": "MWK", "paid_amount": "2000.00", "reference": "CASH"}}, {"model": "pos.payment", "pk": 59, "fields": {"customer": null, "payment_mode": "Cash", "paid_amount_currency": "MWK", "paid_amount": "4000.00", "reference": "CASH"}}, {"model": "pos.payment", "pk": 60, "fields": {"customer": null, "payment_mode": "Cash", "paid_amount_currency": "MWK", "paid_amount": "3000.00", "reference": "CASH"}}, {"model": "pos.payment", "pk": 61, "fields": {"customer": null, "payment_mode": "Cash", "paid_amount_currency": "MWK", "paid_amount": "40000.00", "reference": "CASH"}}, {"model": "pos.payment", "pk": 62, "fields": {"customer": null, "payment_mode": "Cash", "paid_amount_currency": "MWK", "paid_amount": "30000.00", "reference": "CASH"}}, {"model": "pos.payment", "pk": 63, "fields": {"customer": null, "payment_mode": "Cash", "paid_amount_currency": "MWK", "paid_amount": "30000.00", "reference": "CASH"}}, {"model": "pos.payment", "pk": 64, "fields": {"customer": null, "payment_mode": "Cash", "paid_amount_currency": "MWK", "paid_amount": "2000.00", "reference": "CASH"}}, {"model": "pos.payment", "pk": 65, "fields": {"customer": null, "payment_mode": "Cash", "paid_amount_currency": "MWK", "paid_amount": "40000.00", "reference": "CASH"}}, {"model": "pos.payment", "pk": 66, "fields": {"customer": null, "payment_mode": "Cash", "paid_amount_currency": "MWK", "paid_amount": "4000.00", "reference": "CASH"}}, {"model": "pos.payment", "pk": 67, "fields": {"customer": null, "payment_mode": "Cash", "paid_amount_currency": "MWK", "paid_amount": "5000.00", "reference": "CASH"}}, {"model": "pos.payment", "pk": 68, "fields": {"customer": null, "payment_mode": "Cash", "paid_amount_currency": "MWK", "paid_amount": "7000.00", "reference": "CASH"}}, {"model": "pos.payment", "pk": 69, "fields": {"customer": null, "payment_mode": "Cash", "paid_amount_currency": "MWK", "paid_amount": "2000.00", "reference": "CASH"}}, {"model": "pos.payment", "pk": 70, "fields": {"customer": null, "payment_mode": "Cash", "paid_amount_currency": "MWK", "paid_amount": "3000.00", "reference": "CASH"}}, {"model": "pos.payment", "pk": 71, "fields": {"customer": null, "payment_mode": "Cash", "paid_amount_currency": "MWK", "paid_amount": "5000.00", "reference": "CASH"}}, {"model": "pos.payment", "pk": 72, "fields": {"customer": null, "payment_mode": "Cash", "paid_amount_currency": "MWK", "paid_amount": "3000.00", "reference": "CASH"}}, {"model": "pos.payment", "pk": 73, "fields": {"customer": null, "payment_mode": "Cash", "paid_amount_currency": "MWK", "paid_amount": "4660.00", "reference": "CASH"}}, {"model": "pos.payment", "pk": 74, "fields": {"customer": null, "payment_mode": "Cash", "paid_amount_currency": "MWK", "paid_amount": "4661.00", "reference": "CASH"}}, {"model": "pos.payment", "pk": 75, "fields": {"customer": null, "payment_mode": "Cash", "paid_amount_currency": "MWK", "paid_amount": "0.00", "reference": "CASH"}}, {"model": "pos.payment", "pk": 76, "fields": {"customer": null, "payment_mode": "Cash", "paid_amount_currency": "MWK", "paid_amount": "5000.00", "reference": "CASH"}}, {"model": "pos.payment", "pk": 77, "fields": {"customer": null, "payment_mode": "Cash", "paid_amount_currency": "MWK", "paid_amount": "3000.00", "reference": "CASH"}}, {"model": "pos.payment", "pk": 78, "fields": {"customer": null, "payment_mode": "Cash", "paid_amount_currency": "MWK", "paid_amount": "4660.00", "reference": "CASH"}}, {"model": "pos.payment", "pk": 79, "fields": {"customer": null, "payment_mode": "Cash", "paid_amount_currency": "MWK", "paid_amount": "3000.00", "reference": "CASH"}}, {"model": "pos.payment", "pk": 80, "fields": {"customer": null, "payment_mode": "Cash", "paid_amount_currency": "MWK", "paid_amount": "4660.00", "reference": "CASH"}}, {"model": "pos.payment", "pk": 81, "fields": {"customer": null, "payment_mode": "Cash", "paid_amount_currency": "MWK", "paid_amount": "2000.00", "reference": "CASH"}}, {"model": "pos.payment", "pk": 82, "fields": {"customer": null, "payment_mode": "Cash", "paid_amount_currency": "MWK", "paid_amount": "5000.00", "reference": "CASH"}}, {"model": "pos.payment", "pk": 83, "fields": {"customer": null, "payment_mode": "Airtel Money", "paid_amount_currency": "MWK", "paid_amount": "10000.00", "reference": "KAKKA"}}, {"model": "pos.payment", "pk": 84, "fields": {"customer": null, "payment_mode": "Cash", "paid_amount_currency": "MWK", "paid_amount": "1000.00", "reference": "CASH"}}, {"model": "pos.payment", "pk": 85, "fields": {"customer": null, "payment_mode": "Cash", "paid_amount_currency": "MWK", "paid_amount": "1000.00", "reference": "CASH"}}, {"model": "pos.payment", "pk": 86, "fields": {"customer": null, "payment_mode": "Cash", "paid_amount_currency": "MWK", "paid_amount": "1000.00", "reference": "CASH"}}, {"model": "pos.payment", "pk": 87, "fields": {"customer": null, "payment_mode": "Cash", "paid_amount_currency": "MWK", "paid_amount": "1000.00", "reference": "CASH"}}, {"model": "pos.payment", "pk": 88, "fields": {"customer": null, "payment_mode": "Cash", "paid_amount_currency": "MWK", "paid_amount": "4000.00", "reference": "CASH"}}, {"model": "pos.payment", "pk": 89, "fields": {"customer": null, "payment_mode": "Cash", "paid_amount_currency": "MWK", "paid_amount": "1000.00", "reference": "CASH"}}, {"model": "pos.payment", "pk": 90, "fields": {"customer": null, "payment_mode": "Cash", "paid_amount_currency": "MWK", "paid_amount": "2000.00", "reference": "CASH"}}, {"model": "pos.payment", "pk": 91, "fields": {"customer": null, "payment_mode": "Airtel Money", "paid_amount_currency": "MWK", "paid_amount": "4000.00", "reference": "kkkkg"}}, {"model": "pos.payment", "pk": 92, "fields": {"customer": null, "payment_mode": "Mpamba", "paid_amount_currency": "MWK", "paid_amount": "1000.00", "reference": "BBBD"}}, {"model": "pos.payment", "pk": 93, "fields": {"customer": null, "payment_mode": "Cash", "paid_amount_currency": "MWK", "paid_amount": "6000.00", "reference": "CASH"}}, {"model": "pos.payment", "pk": 94, "fields": {"customer": null, "payment_mode": "Cash", "paid_amount_currency": "MWK", "paid_amount": "7000.00", "reference": "CASH"}}, {"model": "pos.payment", "pk": 95, "fields": {"customer": null, "payment_mode": "Airtel Money", "paid_amount_currency": "MWK", "paid_amount": "14000.00", "reference": "KSKSK"}}, {"model": "pos.payment", "pk": 96, "fields": {"customer": null, "payment_mode": "Cash", "paid_amount_currency": "MWK", "paid_amount": "7000.00", "reference": "CASH"}}, {"model": "pos.payment", "pk": 97, "fields": {"customer": null, "payment_mode": "Cash", "paid_amount_currency": "MWK", "paid_amount": "2000.00", "reference": "CASH"}}, {"model": "pos.payment", "pk": 98, "fields": {"customer": null, "payment_mode": "Cash", "paid_amount_currency": "MWK", "paid_amount": "2000.00", "reference": "CASH"}}, {"model": "pos.payment", "pk": 99, "fields": {"customer": null, "payment_mode": "Airtel Money", "paid_amount_currency": "MWK", "paid_amount": "4000.00", "reference": "575757"}}, {"model": "pos.payment", "pk": 100, "fields": {"customer": null, "payment_mode": "Cash", "paid_amount_currency": "MWK", "paid_amount": "6000.00", "reference": "CASH"}}, {"model": "pos.payment", "pk": 101, "fields": {"customer": null, "payment_mode": "Cash", "paid_amount_currency": "MWK", "paid_amount": "2000.00", "reference": "CASH"}}, {"model": "pos.payment", "pk": 102, "fields": {"customer": null, "payment_mode": "Cash", "paid_amount_currency": "MWK", "paid_amount": "3000.00", "reference": "CASH"}}, {"model": "pos.payment", "pk": 103, "fields": {"customer": null, "payment_mode": "Cash", "paid_amount_currency": "MWK", "paid_amount": "5000.00", "reference": "CASH"}}, {"model": "pos.payment", "pk": 104, "fields": {"customer": null, "payment_mode": "Cash", "paid_amount_currency": "MWK", "paid_amount": "7000.00", "reference": "CASH"}}, {"model": "pos.payment", "pk": 105, "fields": {"customer": null, "payment_mode": "Cash", "paid_amount_currency": "MWK", "paid_amount": "2000.00", "reference": "CASH"}}, {"model": "pos.payment", "pk": 106, "fields": {"customer": null, "payment_mode": "Cash", "paid_amount_currency": "MWK", "paid_amount": "3000.00", "reference": "CASH"}}, {"model": "pos.payment", "pk": 107, "fields": {"customer": null, "payment_mode": "Cash", "paid_amount_currency": "MWK", "paid_amount": "4000.00", "reference": "CASH"}}, {"model": "pos.payment", "pk": 108, "fields": {"customer": null, "payment_mode": "Cash", "paid_amount_currency": "MWK", "paid_amount": "5000.00", "reference": "CASH"}}, {"model": "pos.payment", "pk": 109, "fields": {"customer": null, "payment_mode": "Cash", "paid_amount_currency": "MWK", "paid_amount": "6000.00", "reference": "CASH"}}, {"model": "pos.payment", "pk": 110, "fields": {"customer": null, "payment_mode": "Cash", "paid_amount_currency": "MWK", "paid_amount": "9000.00", "reference": "CASH"}}, {"model": "pos.payment", "pk": 111, "fields": {"customer": null, "payment_mode": "Cash", "paid_amount_currency": "MWK", "paid_amount": "10000.00", "reference": "CASH"}}, {"model": "pos.payment", "pk": 112, "fields": {"customer": null, "payment_mode": "Cash", "paid_amount_currency": "MWK", "paid_amount": "9000.00", "reference": "CASH"}}, {"model": "pos.payment", "pk": 113, "fields": {"customer": null, "payment_mode": "Cash", "paid_amount_currency": "MWK", "paid_amount": "6000.00", "reference": "CASH"}}, {"model": "pos.payment", "pk": 114, "fields": {"customer": null, "payment_mode": "Cash", "paid_amount_currency": "MWK", "paid_amount": "12000.00", "reference": "CASH"}}, {"model": "pos.payment", "pk": 115, "fields": {"customer": null, "payment_mode": "Cash", "paid_amount_currency": "MWK", "paid_amount": "3000.00", "reference": "CASH"}}, {"model": "pos.payment", "pk": 116, "fields": {"customer": null, "payment_mode": "Airtel Money", "paid_amount_currency": "MWK", "paid_amount": "9000.00", "reference": "KKKK"}}, {"model": "pos.payment", "pk": 117, "fields": {"customer": null, "payment_mode": "Cash", "paid_amount_currency": "MWK", "paid_amount": "4000.00", "reference": "CASH"}}, {"model": "pos.payment", "pk": 118, "fields": {"customer": null, "payment_mode": "Cash", "paid_amount_currency": "MWK", "paid_amount": "5000.00", "reference": "CASH"}}, {"model": "pos.payment", "pk": 119, "fields": {"customer": null, "payment_mode": "Cash", "paid_amount_currency": "MWK", "paid_amount": "6000.00", "reference": "CASH"}}, {"model": "pos.payment", "pk": 120, "fields": {"customer": null, "payment_mode": "Cash", "paid_amount_currency": "MWK", "paid_amount": "3000.00", "reference": "CASH"}}, {"model": "pos.payment", "pk": 121, "fields": {"customer": null, "payment_mode": "Cash", "paid_amount_currency": "MWK", "paid_amount": "2000.00", "reference": "CASH"}}, {"model": "pos.payment", "pk": 122, "fields": {"customer": null, "payment_mode": "Cash", "paid_amount_currency": "MWK", "paid_amount": "5000.00", "reference": "CASH"}}, {"model": "pos.payment", "pk": 123, "fields": {"customer": null, "payment_mode": "Cash", "paid_amount_currency": "MWK", "paid_amount": "3000.00", "reference": "CASH"}}, {"model": "pos.payment", "pk": 124, "fields": {"customer": null, "payment_mode": "Cash", "paid_amount_currency": "MWK", "paid_amount": "3000.00", "reference": "CASH"}}, {"model": "pos.payment", "pk": 125, "fields": {"customer": null, "payment_mode": "Cash", "paid_amount_currency": "MWK", "paid_amount": "3000.00", "reference": "CASH"}}, {"model": "pos.payment", "pk": 126, "fields": {"customer": null, "payment_mode": "Cash", "paid_amount_currency": "MWK", "paid_amount": "2000.00", "reference": "CASH"}}, {"model": "pos.payment", "pk": 127, "fields": {"customer": null, "payment_mode": "Cash", "paid_amount_currency": "MWK", "paid_amount": "6000.00", "reference": "CASH"}}, {"model": "pos.payment", "pk": 128, "fields": {"customer": null, "payment_mode": "Cash", "paid_amount_currency": "MWK", "paid_amount": "10000.00", "reference": "CASH"}}, {"model": "pos.payment", "pk": 129, "fields": {"customer": null, "payment_mode": "Cash", "paid_amount_currency": "MWK", "paid_amount": "11000.00", "reference": "CASH"}}, {"model": "pos.payment", "pk": 130, "fields": {"customer": null, "payment_mode": "Cash", "paid_amount_currency": "MWK", "paid_amount": "5000.00", "reference": "CASH"}}, {"model": "pos.payment", "pk": 131, "fields": {"customer": null, "payment_mode": "Cash", "paid_amount_currency": "MWK", "paid_amount": "20000.00", "reference": "CASH"}}, {"model": "pos.payment", "pk": 132, "fields": {"customer": null, "payment_mode": "Cash", "paid_amount_currency": "MWK", "paid_amount": "7000.00", "reference": "CASH"}}, {"model": "pos.payment", "pk": 133, "fields": {"customer": null, "payment_mode": "Cash", "paid_amount_currency": "MWK", "paid_amount": "3000.00", "reference": "CASH"}}, {"model": "pos.payment", "pk": 134, "fields": {"customer": null, "payment_mode": "Cash", "paid_amount_currency": "MWK", "paid_amount": "2000.00", "reference": "CASH"}}, {"model": "pos.payment", "pk": 135, "fields": {"customer": null, "payment_mode": "Cash", "paid_amount_currency": "MWK", "paid_amount": "6000.00", "reference": "CASH"}}, {"model": "pos.payment", "pk": 136, "fields": {"customer": null, "payment_mode": "Cash", "paid_amount_currency": "MWK", "paid_amount": "4000.00", "reference": "CASH"}}, {"model": "pos.order", "pk": 17, "fields": {"code": "0000", "customer": 2, "user": 1, "active": false, "order_date": "2021-05-15T08:12:06.756", "ordered": true, "paid_amount": 18, "order_total_cost_currency": "MWK", "order_total_cost": "8504.50", "vat_p": 16.5, "vat_cost_currency": "MWK", "vat_cost": "1171.50", "items": [12, 13, 14]}}, {"model": "pos.order", "pk": 22, "fields": {"code": "0000", "customer": 1, "user": 1, "active": false, "order_date": "2021-05-15T08:18:14.908", "ordered": true, "paid_amount": 12, "order_total_cost_currency": "MWK", "order_total_cost": "349.50", "vat_p": 16.5, "vat_cost_currency": "MWK", "vat_cost": "49.50", "items": [10]}}, {"model": "pos.order", "pk": 24, "fields": {"code": "0000", "customer": 3, "user": 1, "active": false, "order_date": "2021-05-15T08:21:53.998", "ordered": true, "paid_amount": 17, "order_total_cost_currency": "MWK", "order_total_cost": "3495.00", "vat_p": 16.5, "vat_cost_currency": "MWK", "vat_cost": "495.00", "items": [8, 9]}}, {"model": "pos.order", "pk": 26, "fields": {"code": "0000", "customer": 1, "user": 1, "active": false, "order_date": "2021-05-15T09:11:36.121", "ordered": true, "paid_amount": 26, "order_total_cost_currency": "MWK", "order_total_cost": "2796.00", "vat_p": 16.5, "vat_cost_currency": "MWK", "vat_cost": "396.00", "items": [21]}}, {"model": "pos.order", "pk": 27, "fields": {"code": "0000", "customer": 3, "user": 1, "active": false, "order_date": "2021-05-15T09:12:12.987", "ordered": true, "paid_amount": 23, "order_total_cost_currency": "MWK", "order_total_cost": "2097.00", "vat_p": 16.5, "vat_cost_currency": "MWK", "vat_cost": "297.00", "items": [22]}}, {"model": "pos.order", "pk": 29, "fields": {"code": "0000", "customer": 5, "user": 1, "active": false, "order_date": "2021-05-15T09:19:33.544", "ordered": true, "paid_amount": 30, "order_total_cost_currency": "MWK", "order_total_cost": "3495.00", "vat_p": 16.5, "vat_cost_currency": "MWK", "vat_cost": "495.00", "items": [11]}}, {"model": "pos.order", "pk": 30, "fields": {"code": "0000", "customer": 6, "user": 1, "active": false, "order_date": "2021-05-15T09:43:15.050", "ordered": true, "paid_amount": 1, "order_total_cost_currency": "MWK", "order_total_cost": "0.00", "vat_p": 16.5, "vat_cost_currency": "MWK", "vat_cost": "0.00", "items": []}}, {"model": "pos.order", "pk": 31, "fields": {"code": "0000", "customer": 7, "user": 1, "active": false, "order_date": "2021-05-15T09:52:45.649", "ordered": true, "paid_amount": 1, "order_total_cost_currency": "MWK", "order_total_cost": "0.00", "vat_p": 16.5, "vat_cost_currency": "MWK", "vat_cost": "0.00", "items": []}}, {"model": "pos.order", "pk": 32, "fields": {"code": "0000", "customer": 6, "user": 1, "active": false, "order_date": "2021-05-15T11:20:21.210", "ordered": true, "paid_amount": 1, "order_total_cost_currency": "MWK", "order_total_cost": "0.00", "vat_p": 16.5, "vat_cost_currency": "MWK", "vat_cost": "0.00", "items": []}}, {"model": "pos.order", "pk": 33, "fields": {"code": "0000", "customer": 6, "user": 1, "active": false, "order_date": "2021-05-15T11:20:31.294", "ordered": true, "paid_amount": 1, "order_total_cost_currency": "MWK", "order_total_cost": "0.00", "vat_p": 16.5, "vat_cost_currency": "MWK", "vat_cost": "0.00", "items": []}}, {"model": "pos.order", "pk": 34, "fields": {"code": "0000", "customer": 4, "user": 1, "active": false, "order_date": "2021-05-15T18:57:55.370", "ordered": true, "paid_amount": 34, "order_total_cost_currency": "MWK", "order_total_cost": "2796.00", "vat_p": 16.5, "vat_cost_currency": "MWK", "vat_cost": "396.00", "items": [15]}}, {"model": "pos.order", "pk": 35, "fields": {"code": "0000", "customer": 5, "user": 1, "active": false, "order_date": "2021-05-15T19:03:17.842", "ordered": true, "paid_amount": 36, "order_total_cost_currency": "MWK", "order_total_cost": "14562.50", "vat_p": 16.5, "vat_cost_currency": "MWK", "vat_cost": "2062.50", "items": [29, 30, 31, 32, 33]}}, {"model": "pos.order", "pk": 36, "fields": {"code": "0000", "customer": 3, "user": 1, "active": false, "order_date": "2021-05-15T19:03:29.629", "ordered": true, "paid_amount": 31, "order_total_cost_currency": "MWK", "order_total_cost": "1048.50", "vat_p": 16.5, "vat_cost_currency": "MWK", "vat_cost": "148.50", "items": [8]}}, {"model": "pos.order", "pk": 37, "fields": {"code": "0000", "customer": 6, "user": 1, "active": false, "order_date": "2021-05-16T00:47:28.853", "ordered": true, "paid_amount": 41, "order_total_cost_currency": "MWK", "order_total_cost": "349.50", "vat_p": 16.5, "vat_cost_currency": "MWK", "vat_cost": "49.50", "items": [16]}}, {"model": "pos.order", "pk": 38, "fields": {"code": "0000", "customer": 2, "user": 1, "active": false, "order_date": "2021-05-16T01:32:27.734", "ordered": true, "paid_amount": 10, "order_total_cost_currency": "MWK", "order_total_cost": "1398.00", "vat_p": 16.5, "vat_cost_currency": "MWK", "vat_cost": "0.00", "items": [17]}}, {"model": "pos.order", "pk": 39, "fields": {"code": "0000", "customer": 3, "user": 1, "active": false, "order_date": "2021-05-16T01:36:27.646", "ordered": true, "paid_amount": 11, "order_total_cost_currency": "MWK", "order_total_cost": "1048.50", "vat_p": 16.5, "vat_cost_currency": "MWK", "vat_cost": "148.50", "items": [8]}}, {"model": "pos.order", "pk": 40, "fields": {"code": "0000", "customer": 3, "user": 1, "active": false, "order_date": "2021-05-16T01:40:23.919", "ordered": true, "paid_amount": 42, "order_total_cost_currency": "MWK", "order_total_cost": "1398.00", "vat_p": 16.5, "vat_cost_currency": "MWK", "vat_cost": "198.00", "items": [42]}}, {"model": "pos.order", "pk": 41, "fields": {"code": "0000", "customer": 5, "user": 1, "active": false, "order_date": "2021-05-16T20:33:54.798", "ordered": true, "paid_amount": 45, "order_total_cost_currency": "MWK", "order_total_cost": "3495.00", "vat_p": 16.5, "vat_cost_currency": "MWK", "vat_cost": "495.00", "items": [11]}}, {"model": "pos.order", "pk": 42, "fields": {"code": "0000", "customer": 5, "user": 1, "active": false, "order_date": "2021-05-16T21:11:52.592", "ordered": true, "paid_amount": 14, "order_total_cost_currency": "MWK", "order_total_cost": "3495.00", "vat_p": 16.5, "vat_cost_currency": "MWK", "vat_cost": "495.00", "items": [11]}}, {"model": "pos.order", "pk": 43, "fields": {"code": "0000", "customer": 4, "user": 1, "active": false, "order_date": "2021-05-16T21:12:52.273", "ordered": true, "paid_amount": 15, "order_total_cost_currency": "MWK", "order_total_cost": "2796.00", "vat_p": 16.5, "vat_cost_currency": "MWK", "vat_cost": "396.00", "items": [15]}}, {"model": "pos.order", "pk": 44, "fields": {"code": "0000", "customer": 7, "user": 1, "active": false, "order_date": "2021-05-16T21:13:44.078", "ordered": true, "paid_amount": 16, "order_total_cost_currency": "MWK", "order_total_cost": "1398.00", "vat_p": 16.5, "vat_cost_currency": "MWK", "vat_cost": "198.00", "items": [18]}}, {"model": "pos.order", "pk": 45, "fields": {"code": "0000", "customer": 2, "user": 1, "active": false, "order_date": "2021-05-17T07:17:58.531", "ordered": true, "paid_amount": 51, "order_total_cost_currency": "MWK", "order_total_cost": "20504.00", "vat_p": 16.5, "vat_cost_currency": "MWK", "vat_cost": "2904.00", "items": [47, 52]}}, {"model": "pos.order", "pk": 46, "fields": {"code": "0000", "customer": 3, "user": 1, "active": false, "order_date": "2021-05-17T07:19:35.616", "ordered": true, "paid_amount": 1, "order_total_cost_currency": "MWK", "order_total_cost": "0.00", "vat_p": 16.5, "vat_cost_currency": "MWK", "vat_cost": "0.00", "items": []}}, {"model": "pos.order", "pk": 47, "fields": {"code": "0000", "customer": 6, "user": 1, "active": false, "order_date": "2021-05-17T09:32:05.190", "ordered": true, "paid_amount": 1, "order_total_cost_currency": "MWK", "order_total_cost": "349.50", "vat_p": 16.5, "vat_cost_currency": "MWK", "vat_cost": "49.50", "items": [16]}}, {"model": "pos.order", "pk": 48, "fields": {"code": "0000", "customer": 3, "user": 1, "active": false, "order_date": "2021-05-17T09:46:10.930", "ordered": true, "paid_amount": 1, "order_total_cost_currency": "MWK", "order_total_cost": "699.00", "vat_p": 16.5, "vat_cost_currency": "MWK", "vat_cost": "0.00", "items": [19]}}, {"model": "pos.order", "pk": 49, "fields": {"code": "0000", "customer": 3, "user": 1, "active": false, "order_date": "2021-05-17T09:50:34.659", "ordered": true, "paid_amount": 19, "order_total_cost_currency": "MWK", "order_total_cost": "0.00", "vat_p": 16.5, "vat_cost_currency": "MWK", "vat_cost": "0.00", "items": []}}, {"model": "pos.order", "pk": 50, "fields": {"code": "0000", "customer": 4, "user": 1, "active": false, "order_date": "2021-05-17T10:03:55.630", "ordered": true, "paid_amount": 1, "order_total_cost_currency": "MWK", "order_total_cost": "699.00", "vat_p": 16.5, "vat_cost_currency": "MWK", "vat_cost": "99.00", "items": [20]}}, {"model": "pos.order", "pk": 51, "fields": {"code": "0000", "customer": 1, "user": 1, "active": false, "order_date": "2021-05-17T10:05:01.835", "ordered": true, "paid_amount": 20, "order_total_cost_currency": "MWK", "order_total_cost": "2796.00", "vat_p": 16.5, "vat_cost_currency": "MWK", "vat_cost": "396.00", "items": [21]}}, {"model": "pos.order", "pk": 52, "fields": {"code": "0000", "customer": 4, "user": 1, "active": false, "order_date": "2021-05-17T12:27:56.440", "ordered": true, "paid_amount": 24, "order_total_cost_currency": "MWK", "order_total_cost": "0.00", "vat_p": 16.5, "vat_cost_currency": "MWK", "vat_cost": "0.00", "items": []}}, {"model": "pos.order", "pk": 53, "fields": {"code": "0000", "customer": 4, "user": 1, "active": false, "order_date": "2021-05-17T13:53:20.700", "ordered": true, "paid_amount": 1, "order_total_cost_currency": "MWK", "order_total_cost": "0.00", "vat_p": 16.5, "vat_cost_currency": "MWK", "vat_cost": "0.00", "items": []}}, {"model": "pos.order", "pk": 54, "fields": {"code": "0000", "customer": 3, "user": 1, "active": false, "order_date": "2021-05-17T13:54:39.305", "ordered": true, "paid_amount": 52, "order_total_cost_currency": "MWK", "order_total_cost": "699.00", "vat_p": 16.5, "vat_cost_currency": "MWK", "vat_cost": "99.00", "items": [54]}}, {"model": "pos.order", "pk": 55, "fields": {"code": "0000", "customer": 2, "user": 1, "active": false, "order_date": "2021-05-17T14:14:51.836", "ordered": true, "paid_amount": 33, "order_total_cost_currency": "MWK", "order_total_cost": "3844.50", "vat_p": 16.5, "vat_cost_currency": "MWK", "vat_cost": "544.50", "items": [25, 26]}}, {"model": "pos.order", "pk": 56, "fields": {"code": "0000", "customer": 3, "user": 1, "active": false, "order_date": "2021-05-17T14:34:33.225", "ordered": true, "paid_amount": 29, "order_total_cost_currency": "MWK", "order_total_cost": "1048.50", "vat_p": 16.5, "vat_cost_currency": "MWK", "vat_cost": "148.50", "items": [23]}}, {"model": "pos.order", "pk": 57, "fields": {"code": "0000", "customer": 3, "user": 1, "active": false, "order_date": "2021-05-17T15:04:23.074", "ordered": true, "paid_amount": 1, "order_total_cost_currency": "MWK", "order_total_cost": "0.00", "vat_p": 16.5, "vat_cost_currency": "MWK", "vat_cost": "0.00", "items": []}}, {"model": "pos.order", "pk": 58, "fields": {"code": "0000", "customer": 3, "user": 1, "active": false, "order_date": "2021-05-17T15:10:02.337", "ordered": true, "paid_amount": 32, "order_total_cost_currency": "MWK", "order_total_cost": "1048.50", "vat_p": 16.5, "vat_cost_currency": "MWK", "vat_cost": "148.50", "items": [24]}}, {"model": "pos.order", "pk": 59, "fields": {"code": "0000", "customer": 5, "user": 1, "active": false, "order_date": "2021-05-17T15:20:27.194", "ordered": true, "paid_amount": 1, "order_total_cost_currency": "MWK", "order_total_cost": "0.00", "vat_p": 16.5, "vat_cost_currency": "MWK", "vat_cost": "0.00", "items": []}}, {"model": "pos.order", "pk": 60, "fields": {"code": "0000", "customer": 4, "user": 1, "active": false, "order_date": "2021-05-17T15:22:01.793", "ordered": true, "paid_amount": 53, "order_total_cost_currency": "MWK", "order_total_cost": "699.00", "vat_p": 16.5, "vat_cost_currency": "MWK", "vat_cost": "99.00", "items": [55]}}, {"model": "pos.order", "pk": 61, "fields": {"code": "0000", "customer": 8, "user": 1, "active": false, "order_date": "2021-05-17T15:53:06.184", "ordered": true, "paid_amount": 35, "order_total_cost_currency": "MWK", "order_total_cost": "5941.50", "vat_p": 16.5, "vat_cost_currency": "MWK", "vat_cost": "841.50", "items": [27, 28]}}, {"model": "pos.order", "pk": 62, "fields": {"code": "0000", "customer": 3, "user": 1, "active": false, "order_date": "2021-05-17T17:36:22.594", "ordered": true, "paid_amount": 37, "order_total_cost_currency": "MWK", "order_total_cost": "3262.00", "vat_p": 16.5, "vat_cost_currency": "MWK", "vat_cost": "462.00", "items": [34, 35]}}, {"model": "pos.order", "pk": 63, "fields": {"code": "0000", "customer": 3, "user": 1, "active": false, "order_date": "2021-05-17T17:41:05.439", "ordered": true, "paid_amount": 38, "order_total_cost_currency": "MWK", "order_total_cost": "1747.50", "vat_p": 16.5, "vat_cost_currency": "MWK", "vat_cost": "247.50", "items": [36]}}, {"model": "pos.order", "pk": 64, "fields": {"code": "0000", "customer": 4, "user": 1, "active": false, "order_date": "2021-05-17T17:41:42.244", "ordered": true, "paid_amount": 1, "order_total_cost_currency": "MWK", "order_total_cost": "0.00", "vat_p": 16.5, "vat_cost_currency": "MWK", "vat_cost": "0.00", "items": []}}, {"model": "pos.order", "pk": 65, "fields": {"code": "0000", "customer": 5, "user": 1, "active": false, "order_date": "2021-05-17T17:42:30.663", "ordered": true, "paid_amount": 39, "order_total_cost_currency": "MWK", "order_total_cost": "4776.50", "vat_p": 16.5, "vat_cost_currency": "MWK", "vat_cost": "676.50", "items": [37, 38]}}, {"model": "pos.order", "pk": 66, "fields": {"code": "0000", "customer": 4, "user": 1, "active": false, "order_date": "2021-05-17T17:54:01.804", "ordered": true, "paid_amount": 40, "order_total_cost_currency": "MWK", "order_total_cost": "1398.00", "vat_p": 16.5, "vat_cost_currency": "MWK", "vat_cost": "198.00", "items": [39]}}, {"model": "pos.order", "pk": 67, "fields": {"code": "0000", "customer": 1, "user": 1, "active": false, "order_date": "2021-05-17T17:57:23.729", "ordered": true, "paid_amount": 1, "order_total_cost_currency": "MWK", "order_total_cost": "1747.50", "vat_p": 16.5, "vat_cost_currency": "MWK", "vat_cost": "0.00", "items": [40]}}, {"model": "pos.order", "pk": 68, "fields": {"code": "0000", "customer": 5, "user": 1, "active": false, "order_date": "2021-05-17T18:15:05.777", "ordered": true, "paid_amount": 43, "order_total_cost_currency": "MWK", "order_total_cost": "2446.50", "vat_p": 16.5, "vat_cost_currency": "MWK", "vat_cost": "346.50", "items": [43]}}, {"model": "pos.order", "pk": 69, "fields": {"code": "0000", "customer": 3, "user": 1, "active": false, "order_date": "2021-05-17T18:16:58.533", "ordered": true, "paid_amount": 44, "order_total_cost_currency": "MWK", "order_total_cost": "4194.00", "vat_p": 16.5, "vat_cost_currency": "MWK", "vat_cost": "594.00", "items": [44]}}, {"model": "pos.order", "pk": 70, "fields": {"code": "0000", "customer": 6, "user": 1, "active": false, "order_date": "2021-05-17T18:17:31.661", "ordered": true, "paid_amount": 1, "order_total_cost_currency": "MWK", "order_total_cost": "3728.00", "vat_p": 16.5, "vat_cost_currency": "MWK", "vat_cost": "0.00", "items": [45]}}, {"model": "pos.order", "pk": 71, "fields": {"code": "0000", "customer": 3, "user": 1, "active": false, "order_date": "2021-05-17T19:31:03.823", "ordered": true, "paid_amount": 1, "order_total_cost_currency": "MWK", "order_total_cost": "0.00", "vat_p": 16.5, "vat_cost_currency": "MWK", "vat_cost": "0.00", "items": []}}, {"model": "pos.order", "pk": 72, "fields": {"code": "0000", "customer": 5, "user": 1, "active": false, "order_date": "2021-05-17T19:32:56.389", "ordered": true, "paid_amount": 1, "order_total_cost_currency": "MWK", "order_total_cost": "2446.50", "vat_p": 16.5, "vat_cost_currency": "MWK", "vat_cost": "0.00", "items": [46]}}, {"model": "pos.order", "pk": 73, "fields": {"code": "0000", "customer": 3, "user": 1, "active": false, "order_date": "2021-05-18T10:24:43.774", "ordered": true, "paid_amount": 54, "order_total_cost_currency": "MWK", "order_total_cost": "1048.50", "vat_p": 16.5, "vat_cost_currency": "MWK", "vat_cost": "148.50", "items": [48]}}, {"model": "pos.order", "pk": 74, "fields": {"code": "0000", "customer": 5, "user": 1, "active": false, "order_date": "2021-05-18T11:14:04.594", "ordered": true, "paid_amount": 46, "order_total_cost_currency": "MWK", "order_total_cost": "699.00", "vat_p": 16.5, "vat_cost_currency": "MWK", "vat_cost": "99.00", "items": [49]}}, {"model": "pos.order", "pk": 75, "fields": {"code": "0000", "customer": 6, "user": 1, "active": false, "order_date": "2021-05-18T11:15:11.371", "ordered": true, "paid_amount": 47, "order_total_cost_currency": "MWK", "order_total_cost": "349.50", "vat_p": 16.5, "vat_cost_currency": "MWK", "vat_cost": "49.50", "items": [50]}}, {"model": "pos.order", "pk": 76, "fields": {"code": "0000", "customer": 7, "user": 1, "active": false, "order_date": "2021-05-18T11:16:13.046", "ordered": true, "paid_amount": 48, "order_total_cost_currency": "MWK", "order_total_cost": "1048.50", "vat_p": 16.5, "vat_cost_currency": "MWK", "vat_cost": "148.50", "items": [51]}}, {"model": "pos.order", "pk": 77, "fields": {"code": "0000", "customer": 5, "user": 1, "active": false, "order_date": "2021-05-18T11:38:33.838", "ordered": true, "paid_amount": 55, "order_total_cost_currency": "MWK", "order_total_cost": "1048.50", "vat_p": 16.5, "vat_cost_currency": "MWK", "vat_cost": "148.50", "items": [57]}}, {"model": "pos.order", "pk": 78, "fields": {"code": "0000", "customer": 9, "user": 1, "active": false, "order_date": "2021-05-22T08:33:56.786", "ordered": true, "paid_amount": 56, "order_total_cost_currency": "MWK", "order_total_cost": "699.00", "vat_p": 16.5, "vat_cost_currency": "MWK", "vat_cost": "99.00", "items": [58]}}, {"model": "pos.order", "pk": 79, "fields": {"code": "0000", "customer": 3, "user": 1, "active": false, "order_date": "2021-05-22T09:04:19.648", "ordered": true, "paid_amount": 50, "order_total_cost_currency": "MWK", "order_total_cost": "1048.50", "vat_p": 16.5, "vat_cost_currency": "MWK", "vat_cost": "148.50", "items": [48]}}, {"model": "pos.order", "pk": 80, "fields": {"code": "0000", "customer": 6, "user": 1, "active": false, "order_date": "2021-05-22T09:11:11.782", "ordered": true, "paid_amount": 1, "order_total_cost_currency": "MWK", "order_total_cost": "18989.50", "vat_p": 16.5, "vat_cost_currency": "MWK", "vat_cost": "2689.50", "items": [2, 3, 7, 8]}}, {"model": "pos.order", "pk": 81, "fields": {"code": "0000", "customer": 2, "user": 1, "active": false, "order_date": "2021-05-22T09:29:57.564", "ordered": true, "paid_amount": 1, "order_total_cost_currency": "MWK", "order_total_cost": "3844.50", "vat_p": 16.5, "vat_cost_currency": "MWK", "vat_cost": "544.50", "items": [7, 8]}}, {"model": "pos.order", "pk": 82, "fields": {"code": "0000", "customer": 1, "user": 1, "active": false, "order_date": "2021-05-22T10:06:02.761", "ordered": true, "paid_amount": 1, "order_total_cost_currency": "MWK", "order_total_cost": "10951.00", "vat_p": 16.5, "vat_cost_currency": "MWK", "vat_cost": "1551.00", "items": [3, 7, 8, 9]}}, {"model": "pos.order", "pk": 83, "fields": {"code": "0000", "customer": 4, "user": 1, "active": false, "order_date": "2021-05-22T10:08:50.726", "ordered": true, "paid_amount": 1, "order_total_cost_currency": "MWK", "order_total_cost": "3495.00", "vat_p": 16.5, "vat_cost_currency": "MWK", "vat_cost": "495.00", "items": [8, 9]}}, {"model": "pos.order", "pk": 84, "fields": {"code": "0000", "customer": 3, "user": 1, "active": false, "order_date": "2021-05-22T12:36:46.142", "ordered": true, "paid_amount": 57, "order_total_cost_currency": "MWK", "order_total_cost": "6058.00", "vat_p": 16.5, "vat_cost_currency": "MWK", "vat_cost": "858.00", "items": [59, 60]}}, {"model": "pos.order", "pk": 85, "fields": {"code": "0000", "customer": 1, "user": 1, "active": false, "order_date": "2021-07-16T09:50:35.523", "ordered": true, "paid_amount": 69, "order_total_cost_currency": "MWK", "order_total_cost": "1747.50", "vat_p": 16.5, "vat_cost_currency": "MWK", "vat_cost": "247.50", "items": [61]}}, {"model": "pos.order", "pk": 86, "fields": {"code": "0000", "customer": 2, "user": 1, "active": false, "order_date": "2021-07-16T11:43:11.698", "ordered": true, "paid_amount": 84, "order_total_cost_currency": "MWK", "order_total_cost": "699.00", "vat_p": 16.5, "vat_cost_currency": "MWK", "vat_cost": "99.00", "items": [64]}}, {"model": "pos.order", "pk": 87, "fields": {"code": "0000", "customer": 13, "user": 1, "active": false, "order_date": "2021-07-16T12:30:09.234", "ordered": true, "paid_amount": 85, "order_total_cost_currency": "MWK", "order_total_cost": "349.50", "vat_p": 16.5, "vat_cost_currency": "MWK", "vat_cost": "49.50", "items": [76]}}, {"model": "pos.order", "pk": 88, "fields": {"code": "0000", "customer": 5, "user": 1, "active": false, "order_date": "2021-07-16T12:31:49.184", "ordered": true, "paid_amount": 70, "order_total_cost_currency": "MWK", "order_total_cost": "349.50", "vat_p": 16.5, "vat_cost_currency": "MWK", "vat_cost": "49.50", "items": [75]}}, {"model": "pos.order", "pk": 89, "fields": {"code": "0000", "customer": 10, "user": 1, "active": false, "order_date": "2021-07-16T13:59:42.831", "ordered": true, "paid_amount": 83, "order_total_cost_currency": "MWK", "order_total_cost": "9786.00", "vat_p": 16.5, "vat_cost_currency": "MWK", "vat_cost": "1386.00", "items": [70, 71, 72]}}, {"model": "pos.order", "pk": 90, "fields": {"code": "0000", "customer": 1, "user": 1, "active": false, "order_date": "2021-07-16T14:41:27.853", "ordered": true, "paid_amount": 86, "order_total_cost_currency": "MWK", "order_total_cost": "699.00", "vat_p": 16.5, "vat_cost_currency": "MWK", "vat_cost": "99.00", "items": []}}, {"model": "pos.order", "pk": 91, "fields": {"code": "0000", "customer": 2, "user": 1, "active": false, "order_date": "2021-07-16T15:42:06.211", "ordered": true, "paid_amount": 88, "order_total_cost_currency": "MWK", "order_total_cost": "3669.75", "vat_p": 16.5, "vat_cost_currency": "MWK", "vat_cost": "519.75", "items": [79]}}, {"model": "pos.order", "pk": 92, "fields": {"code": "0000", "customer": 1, "user": 1, "active": false, "order_date": "2021-07-16T20:15:55.535", "ordered": true, "paid_amount": 89, "order_total_cost_currency": "MWK", "order_total_cost": "407.75", "vat_p": 16.5, "vat_cost_currency": "MWK", "vat_cost": "57.75", "items": [81]}}, {"model": "pos.order", "pk": 93, "fields": {"code": "0000", "customer": 1, "user": 1, "active": false, "order_date": "2021-07-16T20:16:47.522", "ordered": true, "paid_amount": 90, "order_total_cost_currency": "MWK", "order_total_cost": "1980.50", "vat_p": 16.5, "vat_cost_currency": "MWK", "vat_cost": "280.50", "items": [80, 83]}}, {"model": "pos.order", "pk": 99, "fields": {"code": "0000", "customer": 4, "user": 1, "active": false, "order_date": "2021-07-20T15:27:50.140", "ordered": true, "paid_amount": 87, "order_total_cost_currency": "MWK", "order_total_cost": "815.50", "vat_p": 16.5, "vat_cost_currency": "MWK", "vat_cost": "115.50", "items": [82]}}, {"model": "pos.order", "pk": 100, "fields": {"code": "0000", "customer": 4, "user": 1, "active": false, "order_date": "2021-07-20T15:31:04.237", "ordered": true, "paid_amount": 91, "order_total_cost_currency": "MWK", "order_total_cost": "1864.00", "vat_p": 16.5, "vat_cost_currency": "MWK", "vat_cost": "264.00", "items": [85]}}, {"model": "pos.order", "pk": 101, "fields": {"code": "0000", "customer": 5, "user": 1, "active": false, "order_date": "2021-07-20T15:31:47.004", "ordered": true, "paid_amount": 92, "order_total_cost_currency": "MWK", "order_total_cost": "407.75", "vat_p": 16.5, "vat_cost_currency": "MWK", "vat_cost": "57.75", "items": [84]}}, {"model": "pos.order", "pk": 102, "fields": {"code": "0000", "customer": 8, "user": 1, "active": false, "order_date": "2021-07-20T16:37:37.748", "ordered": true, "paid_amount": 95, "order_total_cost_currency": "MWK", "order_total_cost": "6698.75", "vat_p": 16.5, "vat_cost_currency": "MWK", "vat_cost": "948.75", "items": [86, 89, 90]}}, {"model": "pos.order", "pk": 103, "fields": {"code": "0000", "customer": 1, "user": 1, "active": false, "order_date": "2021-07-20T16:50:41.083", "ordered": true, "paid_amount": 116, "order_total_cost_currency": "MWK", "order_total_cost": "1514.50", "vat_p": 16.5, "vat_cost_currency": "MWK", "vat_cost": "214.50", "items": [97, 98]}}, {"model": "pos.order", "pk": 105, "fields": {"code": "0000", "customer": 12, "user": 1, "active": false, "order_date": "2021-07-20T20:02:05.056", "ordered": true, "paid_amount": 115, "order_total_cost_currency": "MWK", "order_total_cost": "2038.75", "vat_p": 16.5, "vat_cost_currency": "MWK", "vat_cost": "288.75", "items": [99, 100]}}, {"model": "pos.order", "pk": 112, "fields": {"code": "0000", "customer": 2, "user": 1, "active": false, "order_date": "2021-07-23T10:48:23.935", "ordered": true, "paid_amount": 96, "order_total_cost_currency": "MWK", "order_total_cost": "6232.75", "vat_p": 16.5, "vat_cost_currency": "MWK", "vat_cost": "882.75", "items": [88, 91, 92]}}, {"model": "pos.order", "pk": 113, "fields": {"code": "0000", "customer": 6, "user": 1, "active": true, "order_date": "2021-07-23T13:28:05.518", "ordered": true, "paid_amount": 114, "order_total_cost_currency": "MWK", "order_total_cost": "11184.00", "vat_p": 16.5, "vat_cost_currency": "MWK", "vat_cost": "1584.00", "items": [93, 94, 95, 96]}}, {"model": "pos.order", "pk": 115, "fields": {"code": "0000", "customer": 5, "user": 1, "active": false, "order_date": "2021-07-24T17:24:15.809", "ordered": true, "paid_amount": 117, "order_total_cost_currency": "MWK", "order_total_cost": "3669.75", "vat_p": 16.5, "vat_cost_currency": "MWK", "vat_cost": "519.75", "items": [101, 102]}}, {"model": "pos.order", "pk": 116, "fields": {"code": "0000", "customer": 4, "user": 1, "active": false, "order_date": "2021-07-24T17:26:36.636", "ordered": true, "paid_amount": 119, "order_total_cost_currency": "MWK", "order_total_cost": "4543.50", "vat_p": 16.5, "vat_cost_currency": "MWK", "vat_cost": "643.50", "items": [103, 104]}}, {"model": "pos.order", "pk": 117, "fields": {"code": "0000", "customer": 4, "user": 1, "active": false, "order_date": "2021-07-24T18:30:29.508", "ordered": true, "paid_amount": 120, "order_total_cost_currency": "MWK", "order_total_cost": "2854.25", "vat_p": 16.5, "vat_cost_currency": "MWK", "vat_cost": "404.25", "items": [105, 106]}}, {"model": "pos.order", "pk": 118, "fields": {"code": "0000", "customer": 4, "user": 1, "active": false, "order_date": "2021-07-24T18:30:57.256", "ordered": true, "paid_amount": 122, "order_total_cost_currency": "MWK", "order_total_cost": "1223.25", "vat_p": 16.5, "vat_cost_currency": "MWK", "vat_cost": "173.25", "items": [107]}}, {"model": "pos.order", "pk": 119, "fields": {"code": "0000", "customer": 6, "user": 1, "active": false, "order_date": "2021-07-24T19:09:14.813", "ordered": true, "paid_amount": 123, "order_total_cost_currency": "MWK", "order_total_cost": "1223.25", "vat_p": 16.5, "vat_cost_currency": "MWK", "vat_cost": "173.25", "items": [108]}}, {"model": "pos.order", "pk": 120, "fields": {"code": "0000", "customer": 10, "user": 1, "active": false, "order_date": "2021-07-24T19:10:13.667", "ordered": true, "paid_amount": 124, "order_total_cost_currency": "MWK", "order_total_cost": "2970.75", "vat_p": 16.5, "vat_cost_currency": "MWK", "vat_cost": "420.75", "items": [109, 110]}}, {"model": "pos.order", "pk": 121, "fields": {"code": "0000", "customer": 11, "user": 1, "active": false, "order_date": "2021-07-24T19:10:58.435", "ordered": true, "paid_amount": 125, "order_total_cost_currency": "MWK", "order_total_cost": "2446.50", "vat_p": 16.5, "vat_cost_currency": "MWK", "vat_cost": "346.50", "items": [111]}}, {"model": "pos.order", "pk": 122, "fields": {"code": "0000", "customer": 5, "user": 1, "active": false, "order_date": "2021-07-24T19:13:10.069", "ordered": true, "paid_amount": 126, "order_total_cost_currency": "MWK", "order_total_cost": "1631.00", "vat_p": 16.5, "vat_cost_currency": "MWK", "vat_cost": "231.00", "items": [112]}}, {"model": "pos.order", "pk": 123, "fields": {"code": "0000", "customer": 8, "user": 1, "active": false, "order_date": "2021-07-24T19:13:32.145", "ordered": true, "paid_amount": 131, "order_total_cost_currency": "MWK", "order_total_cost": "19979.75", "vat_p": 16.5, "vat_cost_currency": "MWK", "vat_cost": "2829.75", "items": [113, 114, 115, 155, 158]}}, {"model": "pos.order", "pk": 124, "fields": {"code": "0000", "customer": 9, "user": 1, "active": false, "order_date": "2021-07-24T19:17:37.703", "ordered": true, "paid_amount": 132, "order_total_cost_currency": "MWK", "order_total_cost": "6931.75", "vat_p": 16.5, "vat_cost_currency": "MWK", "vat_cost": "981.75", "items": [116, 118]}}, {"model": "pos.order", "pk": 125, "fields": {"code": "0000", "customer": 6, "user": 1, "active": false, "order_date": "2021-07-24T23:05:28.660", "ordered": true, "paid_amount": 133, "order_total_cost_currency": "MWK", "order_total_cost": "2038.75", "vat_p": 16.5, "vat_cost_currency": "MWK", "vat_cost": "288.75", "items": [159]}}, {"model": "pos.order", "pk": 126, "fields": {"code": "0000", "customer": 7, "user": 1, "active": false, "order_date": "2021-07-24T23:20:03.873", "ordered": true, "paid_amount": 134, "order_total_cost_currency": "MWK", "order_total_cost": "1631.00", "vat_p": 16.5, "vat_cost_currency": "MWK", "vat_cost": "231.00", "items": [162]}}, {"model": "pos.order", "pk": 127, "fields": {"code": "0000", "customer": 2, "user": 1, "active": false, "order_date": "2021-07-25T07:22:57.867", "ordered": true, "paid_amount": 135, "order_total_cost_currency": "MWK", "order_total_cost": "5592.00", "vat_p": 16.5, "vat_cost_currency": "MWK", "vat_cost": "792.00", "items": [160, 161]}}, {"model": "pos.order", "pk": 128, "fields": {"code": "0000", "customer": 14, "user": 1, "active": false, "order_date": "2021-07-25T08:58:56.016", "ordered": true, "paid_amount": 136, "order_total_cost_currency": "MWK", "order_total_cost": "3844.50", "vat_p": 16.5, "vat_cost_currency": "MWK", "vat_cost": "544.50", "items": [163, 165]}}, {"model": "auth.permission", "pk": 1, "fields": {"name": "Can add log entry", "content_type": 1, "codename": "add_logentry"}}, {"model": "auth.permission", "pk": 2, "fields": {"name": "Can change log entry", "content_type": 1, "codename": "change_logentry"}}, {"model": "auth.permission", "pk": 3, "fields": {"name": "Can delete log entry", "content_type": 1, "codename": "delete_logentry"}}, {"model": "auth.permission", "pk": 4, "fields": {"name": "Can view log entry", "content_type": 1, "codename": "view_logentry"}}, {"model": "auth.permission", "pk": 5, "fields": {"name": "Can change config", "content_type": 2, "codename": "change_config"}}, {"model": "auth.permission", "pk": 6, "fields": {"name": "Can view config", "content_type": 2, "codename": "view_config"}}, {"model": "auth.permission", "pk": 7, "fields": {"name": "Can add permission", "content_type": 3, "codename": "add_permission"}}, {"model": "auth.permission", "pk": 8, "fields": {"name": "Can change permission", "content_type": 3, "codename": "change_permission"}}, {"model": "auth.permission", "pk": 9, "fields": {"name": "Can delete permission", "content_type": 3, "codename": "delete_permission"}}, {"model": "auth.permission", "pk": 10, "fields": {"name": "Can view permission", "content_type": 3, "codename": "view_permission"}}, {"model": "auth.permission", "pk": 11, "fields": {"name": "Can add group", "content_type": 4, "codename": "add_group"}}, {"model": "auth.permission", "pk": 12, "fields": {"name": "Can change group", "content_type": 4, "codename": "change_group"}}, {"model": "auth.permission", "pk": 13, "fields": {"name": "Can delete group", "content_type": 4, "codename": "delete_group"}}, {"model": "auth.permission", "pk": 14, "fields": {"name": "Can view group", "content_type": 4, "codename": "view_group"}}, {"model": "auth.permission", "pk": 15, "fields": {"name": "Can add content type", "content_type": 5, "codename": "add_contenttype"}}, {"model": "auth.permission", "pk": 16, "fields": {"name": "Can change content type", "content_type": 5, "codename": "change_contenttype"}}, {"model": "auth.permission", "pk": 17, "fields": {"name": "Can delete content type", "content_type": 5, "codename": "delete_contenttype"}}, {"model": "auth.permission", "pk": 18, "fields": {"name": "Can view content type", "content_type": 5, "codename": "view_contenttype"}}, {"model": "auth.permission", "pk": 19, "fields": {"name": "Can add session", "content_type": 6, "codename": "add_session"}}, {"model": "auth.permission", "pk": 20, "fields": {"name": "Can change session", "content_type": 6, "codename": "change_session"}}, {"model": "auth.permission", "pk": 21, "fields": {"name": "Can delete session", "content_type": 6, "codename": "delete_session"}}, {"model": "auth.permission", "pk": 22, "fields": {"name": "Can view session", "content_type": 6, "codename": "view_session"}}, {"model": "auth.permission", "pk": 23, "fields": {"name": "Can add custom user", "content_type": 7, "codename": "add_customuser"}}, {"model": "auth.permission", "pk": 24, "fields": {"name": "Can change custom user", "content_type": 7, "codename": "change_customuser"}}, {"model": "auth.permission", "pk": 25, "fields": {"name": "Can delete custom user", "content_type": 7, "codename": "delete_customuser"}}, {"model": "auth.permission", "pk": 26, "fields": {"name": "Can view custom user", "content_type": 7, "codename": "view_customuser"}}, {"model": "auth.permission", "pk": 27, "fields": {"name": "Can add item category", "content_type": 8, "codename": "add_itemcategory"}}, {"model": "auth.permission", "pk": 28, "fields": {"name": "Can change item category", "content_type": 8, "codename": "change_itemcategory"}}, {"model": "auth.permission", "pk": 29, "fields": {"name": "Can delete item category", "content_type": 8, "codename": "delete_itemcategory"}}, {"model": "auth.permission", "pk": 30, "fields": {"name": "Can view item category", "content_type": 8, "codename": "view_itemcategory"}}, {"model": "auth.permission", "pk": 31, "fields": {"name": "Can add supplier", "content_type": 9, "codename": "add_supplier"}}, {"model": "auth.permission", "pk": 32, "fields": {"name": "Can change supplier", "content_type": 9, "codename": "change_supplier"}}, {"model": "auth.permission", "pk": 33, "fields": {"name": "Can delete supplier", "content_type": 9, "codename": "delete_supplier"}}, {"model": "auth.permission", "pk": 34, "fields": {"name": "Can view supplier", "content_type": 9, "codename": "view_supplier"}}, {"model": "auth.permission", "pk": 35, "fields": {"name": "Can add unit", "content_type": 10, "codename": "add_unit"}}, {"model": "auth.permission", "pk": 36, "fields": {"name": "Can change unit", "content_type": 10, "codename": "change_unit"}}, {"model": "auth.permission", "pk": 37, "fields": {"name": "Can delete unit", "content_type": 10, "codename": "delete_unit"}}, {"model": "auth.permission", "pk": 38, "fields": {"name": "Can view unit", "content_type": 10, "codename": "view_unit"}}, {"model": "auth.permission", "pk": 39, "fields": {"name": "Can add item", "content_type": 11, "codename": "add_item"}}, {"model": "auth.permission", "pk": 40, "fields": {"name": "Can change item", "content_type": 11, "codename": "change_item"}}, {"model": "auth.permission", "pk": 41, "fields": {"name": "Can delete item", "content_type": 11, "codename": "delete_item"}}, {"model": "auth.permission", "pk": 42, "fields": {"name": "Can view item", "content_type": 11, "codename": "view_item"}}, {"model": "auth.permission", "pk": 43, "fields": {"name": "Can add customer", "content_type": 12, "codename": "add_customer"}}, {"model": "auth.permission", "pk": 44, "fields": {"name": "Can change customer", "content_type": 12, "codename": "change_customer"}}, {"model": "auth.permission", "pk": 45, "fields": {"name": "Can delete customer", "content_type": 12, "codename": "delete_customer"}}, {"model": "auth.permission", "pk": 46, "fields": {"name": "Can view customer", "content_type": 12, "codename": "view_customer"}}, {"model": "auth.permission", "pk": 47, "fields": {"name": "Can add payment", "content_type": 13, "codename": "add_payment"}}, {"model": "auth.permission", "pk": 48, "fields": {"name": "Can change payment", "content_type": 13, "codename": "change_payment"}}, {"model": "auth.permission", "pk": 49, "fields": {"name": "Can delete payment", "content_type": 13, "codename": "delete_payment"}}, {"model": "auth.permission", "pk": 50, "fields": {"name": "Can view payment", "content_type": 13, "codename": "view_payment"}}, {"model": "auth.permission", "pk": 51, "fields": {"name": "Can add order item", "content_type": 14, "codename": "add_orderitem"}}, {"model": "auth.permission", "pk": 52, "fields": {"name": "Can change order item", "content_type": 14, "codename": "change_orderitem"}}, {"model": "auth.permission", "pk": 53, "fields": {"name": "Can delete order item", "content_type": 14, "codename": "delete_orderitem"}}, {"model": "auth.permission", "pk": 54, "fields": {"name": "Can view order item", "content_type": 14, "codename": "view_orderitem"}}, {"model": "auth.permission", "pk": 55, "fields": {"name": "Can add order", "content_type": 15, "codename": "add_order"}}, {"model": "auth.permission", "pk": 56, "fields": {"name": "Can change order", "content_type": 15, "codename": "change_order"}}, {"model": "auth.permission", "pk": 57, "fields": {"name": "Can delete order", "content_type": 15, "codename": "delete_order"}}, {"model": "auth.permission", "pk": 58, "fields": {"name": "Can view order", "content_type": 15, "codename": "view_order"}}, {"model": "admin.logentry", "pk": 1, "fields": {"action_time": "2021-05-14T07:56:26.041", "user": 1, "content_type": 8, "object_id": "1", "object_repr": "Beer", "action_flag": 1, "change_message": "[{\"added\": {}}]"}}, {"model": "admin.logentry", "pk": 2, "fields": {"action_time": "2021-05-14T07:56:39.382", "user": 1, "content_type": 8, "object_id": "2", "object_repr": "Gin", "action_flag": 1, "change_message": "[{\"added\": {}}]"}}, {"model": "admin.logentry", "pk": 3, "fields": {"action_time": "2021-05-14T07:56:52.311", "user": 1, "content_type": 8, "object_id": "3", "object_repr": "Siders", "action_flag": 1, "change_message": "[{\"added\": {}}]"}}, {"model": "admin.logentry", "pk": 4, "fields": {"action_time": "2021-05-14T07:57:17.074", "user": 1, "content_type": 8, "object_id": "4", "object_repr": "Soft Drink", "action_flag": 1, "change_message": "[{\"added\": {}}]"}}, {"model": "admin.logentry", "pk": 5, "fields": {"action_time": "2021-05-14T07:58:04.730", "user": 1, "content_type": 9, "object_id": "1", "object_repr": "Castel Malawi Ltd", "action_flag": 1, "change_message": "[{\"added\": {}}]"}}, {"model": "admin.logentry", "pk": 6, "fields": {"action_time": "2021-05-14T07:58:23.548", "user": 1, "content_type": 10, "object_id": "1", "object_repr": "Crate", "action_flag": 1, "change_message": "[{\"added\": {}}]"}}, {"model": "admin.logentry", "pk": 7, "fields": {"action_time": "2021-05-14T07:58:37.812", "user": 1, "content_type": 10, "object_id": "2", "object_repr": "Bottle", "action_flag": 1, "change_message": "[{\"added\": {}}]"}}, {"model": "admin.logentry", "pk": 8, "fields": {"action_time": "2021-05-14T07:59:47.251", "user": 1, "content_type": 11, "object_id": "1", "object_repr": "Fanta 300ml", "action_flag": 1, "change_message": "[{\"added\": {}}]"}}, {"model": "admin.logentry", "pk": 9, "fields": {"action_time": "2021-05-14T08:00:48.438", "user": 1, "content_type": 11, "object_id": "2", "object_repr": "Green 300ml", "action_flag": 1, "change_message": "[{\"added\": {}}]"}}, {"model": "admin.logentry", "pk": 10, "fields": {"action_time": "2021-05-14T08:01:48.604", "user": 1, "content_type": 11, "object_id": "3", "object_repr": "Castel 300ml", "action_flag": 1, "change_message": "[{\"added\": {}}]"}}, {"model": "admin.logentry", "pk": 11, "fields": {"action_time": "2021-05-14T08:02:49.034", "user": 1, "content_type": 11, "object_id": "4", "object_repr": "Special 300ml", "action_flag": 1, "change_message": "[{\"added\": {}}]"}}, {"model": "admin.logentry", "pk": 12, "fields": {"action_time": "2021-05-14T08:03:58.216", "user": 1, "content_type": 11, "object_id": "5", "object_repr": "Castellite 300ml", "action_flag": 1, "change_message": "[{\"added\": {}}]"}}, {"model": "admin.logentry", "pk": 13, "fields": {"action_time": "2021-05-14T08:08:03.809", "user": 1, "content_type": 12, "object_id": "1", "object_repr": "Walk In", "action_flag": 1, "change_message": "[{\"added\": {}}]"}}, {"model": "admin.logentry", "pk": 14, "fields": {"action_time": "2021-05-14T08:08:18.492", "user": 1, "content_type": 12, "object_id": "2", "object_repr": "General Customer", "action_flag": 1, "change_message": "[{\"added\": {}}]"}}, {"model": "admin.logentry", "pk": 15, "fields": {"action_time": "2021-05-14T08:08:39.526", "user": 1, "content_type": 14, "object_id": "1", "object_repr": "4 Bottle of Fanta 300ml", "action_flag": 1, "change_message": "[{\"added\": {}}]"}}, {"model": "admin.logentry", "pk": 16, "fields": {"action_time": "2021-05-14T08:11:58.901", "user": 1, "content_type": 13, "object_id": "1", "object_repr": "Payment object (1)", "action_flag": 1, "change_message": "[{\"added\": {}}]"}}, {"model": "admin.logentry", "pk": 17, "fields": {"action_time": "2021-05-14T08:13:05.920", "user": 1, "content_type": 15, "object_id": "1", "object_repr": "Walk In 2021-05-14 08:13:05.916632", "action_flag": 1, "change_message": "[{\"added\": {}}]"}}, {"model": "admin.logentry", "pk": 18, "fields": {"action_time": "2021-05-15T07:21:14.530", "user": 1, "content_type": 15, "object_id": "14", "object_repr": "None 2021-05-15 07:19:05.496069", "action_flag": 3, "change_message": ""}}, {"model": "admin.logentry", "pk": 19, "fields": {"action_time": "2021-05-15T07:21:14.545", "user": 1, "content_type": 15, "object_id": "13", "object_repr": "None 2021-05-15 07:18:50.831127", "action_flag": 3, "change_message": ""}}, {"model": "admin.logentry", "pk": 20, "fields": {"action_time": "2021-05-15T07:21:14.552", "user": 1, "content_type": 15, "object_id": "12", "object_repr": "None 2021-05-15 07:17:56.635936", "action_flag": 3, "change_message": ""}}, {"model": "admin.logentry", "pk": 21, "fields": {"action_time": "2021-05-15T07:21:14.559", "user": 1, "content_type": 15, "object_id": "11", "object_repr": "None 2021-05-15 07:17:18.788836", "action_flag": 3, "change_message": ""}}, {"model": "admin.logentry", "pk": 22, "fields": {"action_time": "2021-05-15T07:21:14.569", "user": 1, "content_type": 15, "object_id": "10", "object_repr": "None 2021-05-15 07:17:17.648856", "action_flag": 3, "change_message": ""}}, {"model": "admin.logentry", "pk": 23, "fields": {"action_time": "2021-05-15T07:21:14.576", "user": 1, "content_type": 15, "object_id": "9", "object_repr": "None 2021-05-15 07:16:29.663212", "action_flag": 3, "change_message": ""}}, {"model": "admin.logentry", "pk": 24, "fields": {"action_time": "2021-05-15T07:21:14.582", "user": 1, "content_type": 15, "object_id": "8", "object_repr": "None 2021-05-15 07:15:36.765224", "action_flag": 3, "change_message": ""}}, {"model": "admin.logentry", "pk": 25, "fields": {"action_time": "2021-05-15T07:21:14.592", "user": 1, "content_type": 15, "object_id": "7", "object_repr": "None 2021-05-15 07:15:35.271760", "action_flag": 3, "change_message": ""}}, {"model": "admin.logentry", "pk": 26, "fields": {"action_time": "2021-05-15T07:21:14.601", "user": 1, "content_type": 15, "object_id": "6", "object_repr": "None 2021-05-15 07:14:48.227787", "action_flag": 3, "change_message": ""}}, {"model": "admin.logentry", "pk": 27, "fields": {"action_time": "2021-05-15T07:21:14.608", "user": 1, "content_type": 15, "object_id": "5", "object_repr": "None 2021-05-15 07:13:02.184390", "action_flag": 3, "change_message": ""}}, {"model": "admin.logentry", "pk": 28, "fields": {"action_time": "2021-05-15T07:21:14.615", "user": 1, "content_type": 15, "object_id": "4", "object_repr": "None 2021-05-15 07:12:57.411651", "action_flag": 3, "change_message": ""}}, {"model": "admin.logentry", "pk": 29, "fields": {"action_time": "2021-05-15T07:21:14.624", "user": 1, "content_type": 15, "object_id": "3", "object_repr": "None 2021-05-15 07:12:56.030525", "action_flag": 3, "change_message": ""}}, {"model": "admin.logentry", "pk": 30, "fields": {"action_time": "2021-05-15T07:21:14.632", "user": 1, "content_type": 15, "object_id": "2", "object_repr": "None 2021-05-15 07:12:18.626647", "action_flag": 3, "change_message": ""}}, {"model": "admin.logentry", "pk": 31, "fields": {"action_time": "2021-05-15T08:12:39.940", "user": 1, "content_type": 15, "object_id": "15", "object_repr": "None 2021-05-15 07:20:03.062559", "action_flag": 3, "change_message": ""}}, {"model": "admin.logentry", "pk": 32, "fields": {"action_time": "2021-05-15T08:13:05.772", "user": 1, "content_type": 15, "object_id": "18", "object_repr": "None 2021-05-15 08:12:47.457685", "action_flag": 3, "change_message": ""}}, {"model": "admin.logentry", "pk": 33, "fields": {"action_time": "2021-05-15T08:17:22.875", "user": 1, "content_type": 15, "object_id": "20", "object_repr": "General Customer 2021-05-15 08:16:52.126655", "action_flag": 3, "change_message": ""}}, {"model": "admin.logentry", "pk": 34, "fields": {"action_time": "2021-05-15T08:17:22.891", "user": 1, "content_type": 15, "object_id": "19", "object_repr": "General Customer 2021-05-15 08:13:55.716942", "action_flag": 3, "change_message": ""}}, {"model": "admin.logentry", "pk": 35, "fields": {"action_time": "2021-05-15T08:18:08.164", "user": 1, "content_type": 15, "object_id": "21", "object_repr": "Walk In 2021-05-15 08:17:28.688456", "action_flag": 3, "change_message": ""}}, {"model": "admin.logentry", "pk": 36, "fields": {"action_time": "2021-05-15T08:19:23.320", "user": 1, "content_type": 12, "object_id": "3", "object_repr": "Chicco", "action_flag": 1, "change_message": "[{\"added\": {}}]"}}, {"model": "admin.logentry", "pk": 37, "fields": {"action_time": "2021-05-15T08:21:42.149", "user": 1, "content_type": 15, "object_id": "23", "object_repr": "Chicco 2021-05-15 08:19:30.144669", "action_flag": 2, "change_message": "[{\"changed\": {\"fields\": [\"Ordered\"]}}]"}}, {"model": "admin.logentry", "pk": 38, "fields": {"action_time": "2021-05-15T08:22:16.661", "user": 1, "content_type": 14, "object_id": "7", "object_repr": "8 Bottle of Fanta 300ml", "action_flag": 2, "change_message": "[{\"changed\": {\"fields\": [\"Ordered\"]}}]"}}, {"model": "admin.logentry", "pk": 39, "fields": {"action_time": "2021-05-15T08:24:46.630", "user": 1, "content_type": 15, "object_id": "25", "object_repr": "None 2021-05-15 08:24:19.110290", "action_flag": 3, "change_message": ""}}, {"model": "admin.logentry", "pk": 40, "fields": {"action_time": "2021-05-15T08:24:53.088", "user": 1, "content_type": 15, "object_id": "23", "object_repr": "Chicco 2021-05-15 08:19:30.144669", "action_flag": 3, "change_message": ""}}, {"model": "admin.logentry", "pk": 41, "fields": {"action_time": "2021-05-15T09:19:21.533", "user": 1, "content_type": 15, "object_id": "28", "object_repr": "Wina 2021-05-15 09:18:57.572733", "action_flag": 3, "change_message": ""}}, {"model": "admin.logentry", "pk": 42, "fields": {"action_time": "2021-05-15T09:19:21.548", "user": 1, "content_type": 15, "object_id": "1", "object_repr": "Walk In 2021-05-14 08:13:05.916632", "action_flag": 3, "change_message": ""}}, {"model": "admin.logentry", "pk": 43, "fields": {"action_time": "2021-05-15T09:44:56.543", "user": 1, "content_type": 15, "object_id": "16", "object_repr": "Walk In 2021-05-15 08:11:35.685472", "action_flag": 3, "change_message": ""}}, {"model": "admin.logentry", "pk": 44, "fields": {"action_time": "2021-05-16T00:46:00.110", "user": 1, "content_type": 13, "object_id": "1", "object_repr": "Cash MK0.00", "action_flag": 2, "change_message": "[]"}}, {"model": "admin.logentry", "pk": 45, "fields": {"action_time": "2021-05-16T00:46:09.223", "user": 1, "content_type": 13, "object_id": "2", "object_repr": "Cash MK5,000.00", "action_flag": 2, "change_message": "[{\"changed\": {\"fields\": [\"Payment mode\"]}}]"}}, {"model": "admin.logentry", "pk": 46, "fields": {"action_time": "2021-05-16T00:46:18.479", "user": 1, "content_type": 13, "object_id": "3", "object_repr": "Cash MK1,000.00", "action_flag": 2, "change_message": "[{\"changed\": {\"fields\": [\"Payment mode\"]}}]"}}, {"model": "admin.logentry", "pk": 47, "fields": {"action_time": "2021-05-16T00:46:25.007", "user": 1, "content_type": 13, "object_id": "4", "object_repr": "Cash MK6,000.00", "action_flag": 2, "change_message": "[{\"changed\": {\"fields\": [\"Payment mode\"]}}]"}}, {"model": "admin.logentry", "pk": 48, "fields": {"action_time": "2021-05-16T00:46:32.491", "user": 1, "content_type": 13, "object_id": "5", "object_repr": "Cash MK8,000.00", "action_flag": 2, "change_message": "[{\"changed\": {\"fields\": [\"Payment mode\"]}}]"}}, {"model": "admin.logentry", "pk": 49, "fields": {"action_time": "2021-05-16T00:53:52.524", "user": 1, "content_type": 13, "object_id": "6", "object_repr": "Mpamba MK50,000.00", "action_flag": 2, "change_message": "[{\"changed\": {\"fields\": [\"Payment mode\"]}}]"}}, {"model": "admin.logentry", "pk": 50, "fields": {"action_time": "2021-05-16T01:16:35.270", "user": 1, "content_type": 15, "object_id": "17", "object_repr": "General Customer 2021-05-15 08:12:06.756177", "action_flag": 2, "change_message": "[{\"changed\": {\"fields\": [\"Ordered\"]}}]"}}, {"model": "admin.logentry", "pk": 51, "fields": {"action_time": "2021-05-16T01:30:27.434", "user": 1, "content_type": 15, "object_id": "17", "object_repr": "General Customer 2021-05-15 08:12:06.756177", "action_flag": 2, "change_message": "[{\"changed\": {\"fields\": [\"Ordered\"]}}]"}}, {"model": "admin.logentry", "pk": 52, "fields": {"action_time": "2021-05-16T01:31:54.589", "user": 1, "content_type": 15, "object_id": "17", "object_repr": "General Customer 2021-05-15 08:12:06.756177", "action_flag": 2, "change_message": "[{\"changed\": {\"fields\": [\"Active\"]}}]"}}, {"model": "admin.logentry", "pk": 53, "fields": {"action_time": "2021-05-16T21:10:47.615", "user": 1, "content_type": 15, "object_id": "17", "object_repr": "General Customer 2021-05-15 08:12:06.756177", "action_flag": 2, "change_message": "[{\"changed\": {\"fields\": [\"Ordered\"]}}]"}}, {"model": "admin.logentry", "pk": 54, "fields": {"action_time": "2021-05-17T09:05:23.197", "user": 1, "content_type": 15, "object_id": "17", "object_repr": "General Customer 2021-05-15 08:12:06.756177", "action_flag": 2, "change_message": "[{\"changed\": {\"fields\": [\"Ordered\"]}}]"}}, {"model": "admin.logentry", "pk": 55, "fields": {"action_time": "2021-05-17T09:51:04.800", "user": 1, "content_type": 15, "object_id": "48", "object_repr": "Chicco 2021-05-17 09:46:10.930757", "action_flag": 2, "change_message": "[{\"changed\": {\"fields\": [\"Ordered\"]}}]"}}, {"model": "admin.logentry", "pk": 56, "fields": {"action_time": "2021-05-17T12:12:38.367", "user": 1, "content_type": 15, "object_id": "48", "object_repr": "Chicco 2021-05-17 09:46:10.930757", "action_flag": 2, "change_message": "[{\"changed\": {\"fields\": [\"Active\"]}}]"}}, {"model": "admin.logentry", "pk": 57, "fields": {"action_time": "2021-05-17T14:15:19.274", "user": 1, "content_type": 8, "object_id": "4", "object_repr": "Soft Drinks", "action_flag": 2, "change_message": "[{\"changed\": {\"fields\": [\"Category name\"]}}]"}}, {"model": "admin.logentry", "pk": 58, "fields": {"action_time": "2021-05-17T14:25:48.951", "user": 1, "content_type": 15, "object_id": "17", "object_repr": "General Customer 2021-05-15 08:12:06.756177", "action_flag": 2, "change_message": "[{\"changed\": {\"fields\": [\"Active\"]}}]"}}, {"model": "admin.logentry", "pk": 59, "fields": {"action_time": "2021-05-17T14:42:34.535", "user": 1, "content_type": 15, "object_id": "56", "object_repr": "Chicco 2021-05-17 14:34:33.225463", "action_flag": 2, "change_message": "[{\"changed\": {\"fields\": [\"Ordered\"]}}]"}}, {"model": "admin.logentry", "pk": 60, "fields": {"action_time": "2021-05-17T14:44:53.698", "user": 1, "content_type": 15, "object_id": "56", "object_repr": "Chicco 2021-05-17 14:34:33.225463", "action_flag": 2, "change_message": "[{\"changed\": {\"fields\": [\"Ordered\"]}}]"}}, {"model": "admin.logentry", "pk": 61, "fields": {"action_time": "2021-05-17T17:00:26.349", "user": 1, "content_type": 13, "object_id": "22", "object_repr": "MK9,090,909,090.00", "action_flag": 2, "change_message": "[{\"changed\": {\"fields\": [\"Payment mode\", \"Reference\"]}}]"}}, {"model": "admin.logentry", "pk": 62, "fields": {"action_time": "2021-05-17T17:00:38.670", "user": 1, "content_type": 13, "object_id": "21", "object_repr": "MK820,093,993.00", "action_flag": 2, "change_message": "[{\"changed\": {\"fields\": [\"Payment mode\", \"Reference\"]}}]"}}, {"model": "admin.logentry", "pk": 63, "fields": {"action_time": "2021-05-17T18:05:02.887", "user": 1, "content_type": 15, "object_id": "67", "object_repr": "Walk In 2021-05-17 17:57:23.729733", "action_flag": 2, "change_message": "[{\"changed\": {\"fields\": [\"Ordered\"]}}]"}}, {"model": "admin.logentry", "pk": 64, "fields": {"action_time": "2021-05-17T18:05:26.754", "user": 1, "content_type": 15, "object_id": "67", "object_repr": "Walk In 2021-05-17 17:57:23.729733", "action_flag": 2, "change_message": "[{\"changed\": {\"fields\": [\"Active\"]}}]"}}, {"model": "admin.logentry", "pk": 65, "fields": {"action_time": "2021-05-17T18:05:42.272", "user": 1, "content_type": 15, "object_id": "67", "object_repr": "Walk In 2021-05-17 17:57:23.729733", "action_flag": 2, "change_message": "[{\"changed\": {\"fields\": [\"Active\"]}}]"}}, {"model": "admin.logentry", "pk": 66, "fields": {"action_time": "2021-05-17T19:22:12.722", "user": 1, "content_type": 15, "object_id": "70", "object_repr": "New Customer 2021-05-17 18:17:31.661615", "action_flag": 2, "change_message": "[{\"changed\": {\"fields\": [\"Ordered\"]}}]"}}, {"model": "admin.logentry", "pk": 67, "fields": {"action_time": "2021-05-17T19:31:36.547", "user": 1, "content_type": 15, "object_id": "70", "object_repr": "New Customer 2021-05-17 18:17:31.661615", "action_flag": 2, "change_message": "[{\"changed\": {\"fields\": [\"Active\"]}}]"}}, {"model": "admin.logentry", "pk": 68, "fields": {"action_time": "2021-05-17T19:32:33.371", "user": 1, "content_type": 15, "object_id": "45", "object_repr": "General Customer 2021-05-17 07:17:58.531796", "action_flag": 2, "change_message": "[{\"changed\": {\"fields\": [\"Active\"]}}]"}}, {"model": "admin.logentry", "pk": 69, "fields": {"action_time": "2021-05-18T10:25:43.130", "user": 1, "content_type": 15, "object_id": "72", "object_repr": "Wina 2021-05-17 19:32:56.389874", "action_flag": 2, "change_message": "[{\"changed\": {\"fields\": [\"Active\", \"Ordered\"]}}]"}}, {"model": "admin.logentry", "pk": 70, "fields": {"action_time": "2021-05-22T10:25:27.256", "user": 1, "content_type": 15, "object_id": "83", "object_repr": "Linda 2021-05-22 10:08:50.726935", "action_flag": 2, "change_message": "[{\"changed\": {\"fields\": [\"Active\", \"Items\"]}}]"}}, {"model": "admin.logentry", "pk": 71, "fields": {"action_time": "2021-05-22T10:25:35.086", "user": 1, "content_type": 15, "object_id": "82", "object_repr": "Walk In 2021-05-22 10:06:02.761990", "action_flag": 2, "change_message": "[{\"changed\": {\"fields\": [\"Items\"]}}]"}}, {"model": "admin.logentry", "pk": 72, "fields": {"action_time": "2021-05-22T10:25:41.364", "user": 1, "content_type": 15, "object_id": "82", "object_repr": "Walk In 2021-05-22 10:06:02.761990", "action_flag": 2, "change_message": "[{\"changed\": {\"fields\": [\"Active\"]}}]"}}, {"model": "admin.logentry", "pk": 73, "fields": {"action_time": "2021-05-22T10:25:49.603", "user": 1, "content_type": 15, "object_id": "81", "object_repr": "General Customer 2021-05-22 09:29:57.564555", "action_flag": 2, "change_message": "[{\"changed\": {\"fields\": [\"Active\", \"Items\"]}}]"}}, {"model": "admin.logentry", "pk": 74, "fields": {"action_time": "2021-05-22T10:25:56.122", "user": 1, "content_type": 15, "object_id": "80", "object_repr": "New Customer 2021-05-22 09:11:11.782566", "action_flag": 2, "change_message": "[{\"changed\": {\"fields\": [\"Active\", \"Items\"]}}]"}}, {"model": "admin.logentry", "pk": 75, "fields": {"action_time": "2021-05-22T10:26:08.461", "user": 1, "content_type": 15, "object_id": "51", "object_repr": "Walk In 2021-05-17 10:05:01.835329", "action_flag": 2, "change_message": "[{\"changed\": {\"fields\": [\"Active\"]}}]"}}, {"model": "admin.logentry", "pk": 76, "fields": {"action_time": "2021-05-22T12:31:24.598", "user": 1, "content_type": 15, "object_id": "45", "object_repr": "General Customer 2021-05-17 07:17:58.531796", "action_flag": 2, "change_message": "[{\"changed\": {\"fields\": [\"Active\"]}}]"}}, {"model": "admin.logentry", "pk": 77, "fields": {"action_time": "2021-07-16T09:48:38.352", "user": 1, "content_type": 15, "object_id": "74", "object_repr": "Wina 2021-05-18 11:14:04.594922", "action_flag": 2, "change_message": "[{\"changed\": {\"fields\": [\"Ordered\"]}}]"}}, {"model": "admin.logentry", "pk": 78, "fields": {"action_time": "2021-07-16T14:42:50.888", "user": 1, "content_type": 15, "object_id": "29", "object_repr": "Wina 2021-05-15 09:19:33.544504", "action_flag": 2, "change_message": "[{\"changed\": {\"fields\": [\"Active\"]}}]"}}, {"model": "admin.logentry", "pk": 79, "fields": {"action_time": "2021-07-16T14:43:07.211", "user": 1, "content_type": 15, "object_id": "27", "object_repr": "Chicco 2021-05-15 09:12:12.987088", "action_flag": 2, "change_message": "[{\"changed\": {\"fields\": [\"Active\"]}}]"}}, {"model": "admin.logentry", "pk": 80, "fields": {"action_time": "2021-07-16T14:43:18.003", "user": 1, "content_type": 15, "object_id": "17", "object_repr": "General Customer 2021-05-15 08:12:06.756177", "action_flag": 2, "change_message": "[{\"changed\": {\"fields\": [\"Active\"]}}]"}}, {"model": "admin.logentry", "pk": 81, "fields": {"action_time": "2021-07-16T14:45:13.717", "user": 1, "content_type": 15, "object_id": "90", "object_repr": "Walk In 2021-07-16 14:41:27.853550", "action_flag": 2, "change_message": "[{\"changed\": {\"fields\": [\"Customer\"]}}]"}}, {"model": "admin.logentry", "pk": 82, "fields": {"action_time": "2021-07-16T19:26:05.634", "user": 1, "content_type": 7, "object_id": "1", "object_repr": "chiccochikaonda@gmail.com", "action_flag": 2, "change_message": "[{\"changed\": {\"fields\": [\"Image\"]}}]"}}, {"model": "admin.logentry", "pk": 83, "fields": {"action_time": "2021-07-20T15:28:28.557", "user": 1, "content_type": 15, "object_id": "98", "object_repr": "Linda 2021-07-20 15:26:13.484837", "action_flag": 3, "change_message": ""}}, {"model": "admin.logentry", "pk": 84, "fields": {"action_time": "2021-07-20T15:28:40.020", "user": 1, "content_type": 15, "object_id": "97", "object_repr": "Walk In 2021-07-20 13:22:20.662406", "action_flag": 3, "change_message": ""}}, {"model": "admin.logentry", "pk": 85, "fields": {"action_time": "2021-07-20T15:28:51.423", "user": 1, "content_type": 15, "object_id": "96", "object_repr": "New Cus 2021-07-20 08:47:27.098265", "action_flag": 3, "change_message": ""}}, {"model": "admin.logentry", "pk": 86, "fields": {"action_time": "2021-07-20T15:29:17.024", "user": 1, "content_type": 15, "object_id": "95", "object_repr": "Walk In 2021-07-16 22:12:14.616152", "action_flag": 3, "change_message": ""}}, {"model": "admin.logentry", "pk": 87, "fields": {"action_time": "2021-07-20T15:29:17.038", "user": 1, "content_type": 15, "object_id": "94", "object_repr": "Walk In 2021-07-16 20:53:32.510920", "action_flag": 3, "change_message": ""}}, {"model": "admin.logentry", "pk": 88, "fields": {"action_time": "2021-07-23T10:18:13.392", "user": 1, "content_type": 15, "object_id": "111", "object_repr": "Walk In 2021-07-23 09:40:23.304295", "action_flag": 3, "change_message": ""}}, {"model": "admin.logentry", "pk": 89, "fields": {"action_time": "2021-07-23T10:18:13.412", "user": 1, "content_type": 15, "object_id": "110", "object_repr": "Walk In 2021-07-23 09:37:06.794412", "action_flag": 3, "change_message": ""}}, {"model": "admin.logentry", "pk": 90, "fields": {"action_time": "2021-07-23T10:18:13.421", "user": 1, "content_type": 15, "object_id": "109", "object_repr": "ABBCBCB 2021-07-23 09:33:57.185106", "action_flag": 3, "change_message": ""}}, {"model": "admin.logentry", "pk": 91, "fields": {"action_time": "2021-07-23T10:18:13.428", "user": 1, "content_type": 15, "object_id": "108", "object_repr": "Walk In 2021-07-23 07:10:56.984195", "action_flag": 3, "change_message": ""}}, {"model": "admin.logentry", "pk": 92, "fields": {"action_time": "2021-07-23T10:18:13.436", "user": 1, "content_type": 15, "object_id": "107", "object_repr": "Tammy 2021-07-20 21:02:44.588285", "action_flag": 3, "change_message": ""}}, {"model": "admin.logentry", "pk": 93, "fields": {"action_time": "2021-07-23T10:18:13.444", "user": 1, "content_type": 15, "object_id": "106", "object_repr": "General Customer 2021-07-20 20:13:05.689332", "action_flag": 3, "change_message": ""}}, {"model": "admin.logentry", "pk": 94, "fields": {"action_time": "2021-07-23T10:48:03.413", "user": 1, "content_type": 15, "object_id": "17", "object_repr": "General Customer 2021-05-15 08:12:06.756177", "action_flag": 2, "change_message": "[{\"changed\": {\"fields\": [\"Active\"]}}]"}}, {"model": "admin.logentry", "pk": 95, "fields": {"action_time": "2021-07-24T15:04:27.312", "user": 1, "content_type": 15, "object_id": "104", "object_repr": "Walk In 2021-07-20 16:53:42.931330", "action_flag": 2, "change_message": "[{\"changed\": {\"fields\": [\"Ordered\"]}}]"}}, {"model": "admin.logentry", "pk": 96, "fields": {"action_time": "2021-07-24T15:45:38.838", "user": 1, "content_type": 15, "object_id": "114", "object_repr": "General Customer 2021-07-24 14:44:32.626082", "action_flag": 3, "change_message": ""}}, {"model": "admin.logentry", "pk": 97, "fields": {"action_time": "2021-07-24T15:45:56.566", "user": 1, "content_type": 15, "object_id": "104", "object_repr": "Walk In 2021-07-20 16:53:42.931330", "action_flag": 3, "change_message": ""}}, {"model": "admin.logentry", "pk": 98, "fields": {"action_time": "2021-07-24T18:06:06.151", "user": 1, "content_type": 15, "object_id": "113", "object_repr": "New Customer 2021-07-23 13:28:05.518549", "action_flag": 2, "change_message": "[{\"changed\": {\"fields\": [\"Active\"]}}]"}}, {"model": "admin.logentry", "pk": 99, "fields": {"action_time": "2021-07-24T19:16:35.677", "user": 1, "content_type": 15, "object_id": "123", "object_repr": "Abwera Lero 2021-07-24 19:13:32.145074", "action_flag": 2, "change_message": "[{\"changed\": {\"fields\": [\"Ordered\"]}}]"}}, {"model": "admin.logentry", "pk": 100, "fields": {"action_time": "2021-07-24T19:18:41.060", "user": 1, "content_type": 15, "object_id": "123", "object_repr": "Abwera Lero 2021-07-24 19:13:32.145074", "action_flag": 2, "change_message": "[{\"changed\": {\"fields\": [\"Ordered\"]}}]"}}, {"model": "admin.logentry", "pk": 101, "fields": {"action_time": "2021-07-25T09:05:01.990", "user": 1, "content_type": 14, "object_id": "77", "object_repr": "2 Bottle of Fanta 300ml", "action_flag": 3, "change_message": ""}}]