[{"model": "inventory.supplier", "pk": 1, "fields": {"name": "Southern Bottlers", "address": "Box 123, BT", "phone_number": "+265999999999", "description": "Suppliers of Drinks"}}, {"model": "inventory.supplier", "pk": 2, "fields": {"name": "Castel Malawi", "address": "Box 333", "phone_number": null, "description": "Suppliers of Drinks"}}, {"model": "inventory.supplier", "pk": 3, "fields": {"name": "Nyama World", "address": "Box 199, Mitundu, Lilongwe", "phone_number": "+265999999999", "description": "Ndudu"}}, {"model": "inventory.supplier", "pk": 4, "fields": {"name": "Pink Tachie", "address": "Box 66, BT", "phone_number": null, "description": "Supplier of Children Staff"}}, {"model": "inventory.unit", "pk": 1, "fields": {"unit_short_name": "Each", "unit_description": "Each Item Unit"}}, {"model": "inventory.unit", "pk": 2, "fields": {"unit_short_name": "Box", "unit_description": "Box"}}, {"model": "inventory.unit", "pk": 3, "fields": {"unit_short_name": "Bottle", "unit_description": "Bottle"}}, {"model": "inventory.unit", "pk": 4, "fields": {"unit_short_name": "Cane", "unit_description": "Cane"}}, {"model": "inventory.itemcategory", "pk": 1, "fields": {"category_name": "Soft Drinks", "category_description": "Soft Drinks", "category_colour": "Blue"}}, {"model": "inventory.itemcategory", "pk": 2, "fields": {"category_name": "Beer", "category_description": "Beer", "category_colour": "Light Blue"}}, {"model": "inventory.itemcategory", "pk": 3, "fields": {"category_name": "Ciders", "category_description": "Ciders", "category_colour": "Green"}}, {"model": "inventory.itemcategory", "pk": 4, "fields": {"category_name": "Food", "category_description": "Food Items", "category_colour": "Orange"}}, {"model": "inventory.itemcategory", "pk": 5, "fields": {"category_name": "Cigarette", "category_description": "Cigarette", "category_colour": "Red"}}, {"model": "inventory.itemcategory", "pk": 6, "fields": {"category_name": "Shots", "category_description": "Shots", "category_colour": "Black"}}, {"model": "inventory.itemcategory", "pk": 7, "fields": {"category_name": "Wine", "category_description": "Wine", "category_colour": "Green"}}, {"model": "inventory.itemcategory", "pk": 8, "fields": {"category_name": "Gin", "category_description": "Gin", "category_colour": "Blue"}}, {"model": "inventory.item", "pk": 2, "fields": {"item_name": "Green", "item_description": "Green 300ml", "unit": 1, "barcode": 123, "image": "ecom_product6_b.png", "ordered_price_currency": "MWK", "ordered_price": "750.00", "price_currency": "MWK", "price": "250.00", "discount_price_currency": "MWK", "discount_price": null, "category": 2, "quantity_at_hand": 40, "reorder_level": 10, "active": true, "slug": "green300ml"}}, {"model": "inventory.item", "pk": 3, "fields": {"item_name": "Fanta", "item_description": "Fanta 300ml", "unit": 1, "barcode": 277272, "image": "ecom_product6_b.png", "ordered_price_currency": "MWK", "ordered_price": "400.00", "price_currency": "MWK", "price": "300.00", "discount_price_currency": "MWK", "discount_price": null, "category": 1, "quantity_at_hand": 0, "reorder_level": 12, "active": true, "slug": "fanta300ml"}}, {"model": "inventory.item", "pk": 5, "fields": {"item_name": "Coke", "item_description": "Coke 300ml", "unit": 3, "barcode": 6151111, "image": "ecom_product6_b.png", "ordered_price_currency": "MWK", "ordered_price": "300.00", "price_currency": "MWK", "price": "230.00", "discount_price_currency": "MWK", "discount_price": null, "category": 1, "quantity_at_hand": 0, "reorder_level": 10, "active": true, "slug": "coke300ml"}}, {"model": "inventory.item", "pk": 6, "fields": {"item_name": "Special", "item_description": "Special 300ml", "unit": 1, "barcode": 35654, "image": "ecom_product6_b.png", "ordered_price_currency": "MWK", "ordered_price": "750.00", "price_currency": "MWK", "price": "650.00", "discount_price_currency": "MWK", "discount_price": null, "category": 2, "quantity_at_hand": 40, "reorder_level": 20, "active": true, "slug": "sp300ml"}}, {"model": "inventory.item", "pk": 7, "fields": {"item_name": "Malawi Gin", "item_description": "750 ml", "unit": 1, "barcode": 62626, "image": "ecom_product6_b.png", "ordered_price_currency": "MWK", "ordered_price": "3000.00", "price_currency": "MWK", "price": "4500.00", "discount_price_currency": "MWK", "discount_price": null, "category": 2, "quantity_at_hand": 0, "reorder_level": 10, "active": true, "slug": "malgin"}}, {"model": "inventory.item", "pk": 8, "fields": {"item_name": "Azam Enaergy Drink", "item_description": "Azam 300 ml", "unit": 3, "barcode": 62222, "image": "ecom_product6_b.png", "ordered_price_currency": "MWK", "ordered_price": "200.00", "price_currency": "MWK", "price": "600.00", "discount_price_currency": "MWK", "discount_price": null, "category": 1, "quantity_at_hand": 0, "reorder_level": 10, "active": true, "slug": "end"}}, {"model": "inventory.item", "pk": 9, "fields": {"item_name": "Green Big", "item_description": "Giant Green 750ml", "unit": 3, "barcode": 1515151, "image": "ecom_product6_b.png", "ordered_price_currency": "MWK", "ordered_price": "1200.00", "price_currency": "MWK", "price": "1600.00", "discount_price_currency": "MWK", "discount_price": null, "category": 2, "quantity_at_hand": 24, "reorder_level": 10, "active": true, "slug": "greenbg"}}, {"model": "inventory.item", "pk": 10, "fields": {"item_name": "Special Big", "item_description": "Special Giant 750ml", "unit": 3, "barcode": 9765, "image": "ecom_product6_b.png", "ordered_price_currency": "MWK", "ordered_price": "1200.00", "price_currency": "MWK", "price": "1600.00", "discount_price_currency": "MWK", "discount_price": null, "category": 2, "quantity_at_hand": 24, "reorder_level": 10, "active": true, "slug": "greensm"}}, {"model": "inventory.item", "pk": 11, "fields": {"item_name": "Kuchekuche Black", "item_description": "Kuchekuche Black Edition", "unit": 3, "barcode": 115151, "image": "ecom_product6_b.png", "ordered_price_currency": "MWK", "ordered_price": "0.00", "price_currency": "MWK", "price": "800.00", "discount_price_currency": "MWK", "discount_price": null, "category": 2, "quantity_at_hand": 0, "reorder_level": 10, "active": true, "slug": "kkblack"}}, {"model": "inventory.item", "pk": 12, "fields": {"item_name": "Kuchekuche", "item_description": "Kuchekuche ordinary", "unit": 3, "barcode": 13242, "image": "ecom_product6_b.png", "ordered_price_currency": "MWK", "ordered_price": "0.00", "price_currency": "MWK", "price": "800.00", "discount_price_currency": "MWK", "discount_price": null, "category": 2, "quantity_at_hand": 0, "reorder_level": 10, "active": true, "slug": "kkordinary"}}, {"model": "inventory.item", "pk": 13, "fields": {"item_name": "Malawi Gin Small", "item_description": "Malawi Gin 330ml", "unit": 3, "barcode": 5625252, "image": "ecom_product6_b.png", "ordered_price_currency": "MWK", "ordered_price": "2500.00", "price_currency": "MWK", "price": "4000.00", "discount_price_currency": "MWK", "discount_price": null, "category": 8, "quantity_at_hand": 40, "reorder_level": 5, "active": true, "slug": "guinsmall"}}, {"model": "inventory.item", "pk": 14, "fields": {"item_name": "Coke Plastic", "item_description": "Coke Plastic Bottle 500ml", "unit": 3, "barcode": 456545, "image": "ecom_product6_b.png", "ordered_price_currency": "MWK", "ordered_price": "0.00", "price_currency": "MWK", "price": "600.00", "discount_price_currency": "MWK", "discount_price": null, "category": 1, "quantity_at_hand": 0, "reorder_level": 10, "active": true, "slug": "cokeplastc"}}, {"model": "inventory.item", "pk": 15, "fields": {"item_name": "Budweiser", "item_description": "Budweiser", "unit": 3, "barcode": 97865, "image": "ecom_product6_b.png", "ordered_price_currency": "MWK", "ordered_price": "0.00", "price_currency": "MWK", "price": "2500.00", "discount_price_currency": "MWK", "discount_price": null, "category": 3, "quantity_at_hand": 0, "reorder_level": 5, "active": true, "slug": "budweiser"}}, {"model": "inventory.item", "pk": 16, "fields": {"item_name": "Castle Lite Bottle", "item_description": "Castle Lite Bottle", "unit": 3, "barcode": 76443, "image": "ecom_product6_b.png", "ordered_price_currency": "MWK", "ordered_price": "0.00", "price_currency": "MWK", "price": "2000.00", "discount_price_currency": "MWK", "discount_price": null, "category": 3, "quantity_at_hand": 0, "reorder_level": 5, "active": true, "slug": "castllitebttle"}}, {"model": "inventory.item", "pk": 17, "fields": {"item_name": "Castle Lite Cane", "item_description": "Castle Lite Cane", "unit": 4, "barcode": 787654, "image": "ecom_product6_b.png", "ordered_price_currency": "MWK", "ordered_price": "0.00", "price_currency": "MWK", "price": "2000.00", "discount_price_currency": "MWK", "discount_price": null, "category": 3, "quantity_at_hand": 0, "reorder_level": 5, "active": true, "slug": "castllitecane"}}, {"model": "inventory.item", "pk": 18, "fields": {"item_name": "Castle Lager", "item_description": "Castle Lager", "unit": 3, "barcode": 262525, "image": "ecom_product6_b.png", "ordered_price_currency": "MWK", "ordered_price": "0.00", "price_currency": "MWK", "price": "2000.00", "discount_price_currency": "MWK", "discount_price": null, "category": 2, "quantity_at_hand": 0, "reorder_level": 5, "active": true, "slug": "castelager"}}, {"model": "inventory.item", "pk": 19, "fields": {"item_name": "Heinekein", "item_description": "Heinekein", "unit": 3, "barcode": 2625251, "image": "ecom_product6_b.png", "ordered_price_currency": "MWK", "ordered_price": "0.00", "price_currency": "MWK", "price": "2000.00", "discount_price_currency": "MWK", "discount_price": null, "category": 2, "quantity_at_hand": 0, "reorder_level": 5, "active": true, "slug": "heinkein"}}, {"model": "inventory.item", "pk": 20, "fields": {"item_name": "Amstel", "item_description": "Amstel", "unit": 3, "barcode": 9273636, "image": "ecom_product6_b.png", "ordered_price_currency": "MWK", "ordered_price": "0.00", "price_currency": "MWK", "price": "2000.00", "discount_price_currency": "MWK", "discount_price": null, "category": 2, "quantity_at_hand": 0, "reorder_level": 5, "active": true, "slug": "amstel"}}, {"model": "inventory.item", "pk": 21, "fields": {"item_name": "Windhoek Lager", "item_description": "Windhook Lager", "unit": 3, "barcode": 63563535, "image": "ecom_product6_b.png", "ordered_price_currency": "MWK", "ordered_price": "0.00", "price_currency": "MWK", "price": "2000.00", "discount_price_currency": "MWK", "discount_price": null, "category": 2, "quantity_at_hand": 0, "reorder_level": 5, "active": true, "slug": "windhooklager"}}, {"model": "inventory.item", "pk": 22, "fields": {"item_name": "Windhoek Draft", "item_description": "Windhoek Draft", "unit": 3, "barcode": 2625626, "image": "ecom_product6_b.png", "ordered_price_currency": "MWK", "ordered_price": "0.00", "price_currency": "MWK", "price": "2000.00", "discount_price_currency": "MWK", "discount_price": null, "category": 2, "quantity_at_hand": 0, "reorder_level": 5, "active": true, "slug": "windhoekdraft"}}, {"model": "inventory.item", "pk": 23, "fields": {"item_name": "Miller", "item_description": "Miller", "unit": 3, "barcode": 938383, "image": "ecom_product6_b.png", "ordered_price_currency": "MWK", "ordered_price": "0.00", "price_currency": "MWK", "price": "2000.00", "discount_price_currency": "MWK", "discount_price": null, "category": 3, "quantity_at_hand": 0, "reorder_level": 5, "active": true, "slug": "miller"}}, {"model": "inventory.item", "pk": 24, "fields": {"item_name": "Corona", "item_description": "Corona", "unit": 3, "barcode": 2563535, "image": "ecom_product6_b.png", "ordered_price_currency": "MWK", "ordered_price": "0.00", "price_currency": "MWK", "price": "2000.00", "discount_price_currency": "MWK", "discount_price": null, "category": 2, "quantity_at_hand": 0, "reorder_level": 5, "active": true, "slug": "corona"}}, {"model": "inventory.item", "pk": 25, "fields": {"item_name": "Stella Artour", "item_description": "Stella Artour", "unit": 3, "barcode": 252525, "image": "ecom_product6_b.png", "ordered_price_currency": "MWK", "ordered_price": "0.00", "price_currency": "MWK", "price": "2000.00", "discount_price_currency": "MWK", "discount_price": null, "category": 3, "quantity_at_hand": 0, "reorder_level": 5, "active": true, "slug": "stellarArtour"}}, {"model": "inventory.item", "pk": 26, "fields": {"item_name": "Savanna", "item_description": "Savanna", "unit": 3, "barcode": 26256262, "image": "ecom_product6_b.png", "ordered_price_currency": "MWK", "ordered_price": "0.00", "price_currency": "MWK", "price": "2000.00", "discount_price_currency": "MWK", "discount_price": null, "category": 3, "quantity_at_hand": 0, "reorder_level": 5, "active": true, "slug": "savanna"}}, {"model": "inventory.item", "pk": 27, "fields": {"item_name": "Flying Fish", "item_description": "Flying Fish", "unit": 3, "barcode": 25252525, "image": "ecom_product6_b.png", "ordered_price_currency": "MWK", "ordered_price": "0.00", "price_currency": "MWK", "price": "2000.00", "discount_price_currency": "MWK", "discount_price": null, "category": 3, "quantity_at_hand": 0, "reorder_level": 5, "active": true, "slug": "flyingfish"}}, {"model": "inventory.item", "pk": 28, "fields": {"item_name": "Guarana", "item_description": "Guarana", "unit": 3, "barcode": 1253553, "image": "ecom_product6_b.png", "ordered_price_currency": "MWK", "ordered_price": "0.00", "price_currency": "MWK", "price": "2000.00", "discount_price_currency": "MWK", "discount_price": null, "category": 6, "quantity_at_hand": 0, "reorder_level": 0, "active": true, "slug": "guarana"}}, {"model": "inventory.item", "pk": 29, "fields": {"item_name": "Hunters Gold", "item_description": "Hunters", "unit": 3, "barcode": 515151, "image": "ecom_product6_b.png", "ordered_price_currency": "MWK", "ordered_price": "0.00", "price_currency": "MWK", "price": "2000.00", "discount_price_currency": "MWK", "discount_price": null, "category": 3, "quantity_at_hand": 0, "reorder_level": 5, "active": true, "slug": "huntersgold"}}, {"model": "inventory.item", "pk": 30, "fields": {"item_name": "Hunters Dry", "item_description": "Hunters Dry", "unit": 3, "barcode": 8937600, "image": "ecom_product6_b.png", "ordered_price_currency": "MWK", "ordered_price": "0.00", "price_currency": "MWK", "price": "2000.00", "discount_price_currency": "MWK", "discount_price": null, "category": 3, "quantity_at_hand": 0, "reorder_level": 5, "active": true, "slug": "huntersdry"}}, {"model": "inventory.item", "pk": 31, "fields": {"item_name": "Manica", "item_description": "Manica", "unit": 4, "barcode": 25233535, "image": "ecom_product6_b.png", "ordered_price_currency": "MWK", "ordered_price": "0.00", "price_currency": "MWK", "price": "1000.00", "discount_price_currency": "MWK", "discount_price": null, "category": 2, "quantity_at_hand": 0, "reorder_level": 5, "active": true, "slug": "manica"}}, {"model": "inventory.item", "pk": 32, "fields": {"item_name": "Breezer Strawberry", "item_description": "Breezer Strawberry", "unit": 3, "barcode": 2126526266, "image": "ecom_product6_b.png", "ordered_price_currency": "MWK", "ordered_price": "0.00", "price_currency": "MWK", "price": "2000.00", "discount_price_currency": "MWK", "discount_price": null, "category": 3, "quantity_at_hand": 0, "reorder_level": 5, "active": true, "slug": "breezerstrawb"}}, {"model": "inventory.item", "pk": 33, "fields": {"item_name": "Breezer Blueberry", "item_description": "Breezer Blueberry", "unit": 3, "barcode": 225245151, "image": "ecom_product6_b.png", "ordered_price_currency": "MWK", "ordered_price": "0.00", "price_currency": "MWK", "price": "2000.00", "discount_price_currency": "MWK", "discount_price": null, "category": 3, "quantity_at_hand": 0, "reorder_level": 5, "active": true, "slug": "breezerblue"}}, {"model": "inventory.stock", "pk": 40, "fields": {"item": 2, "batch": "333", "supplier_name": 2, "ordered_price_currency": "MWK", "ordered_price": "200.00", "previous_quantity": 1226, "stock_in": 92, "new_quantity": 1318, "unit_quantity": 1, "created_at": "2021-11-10T16:23:49.804", "updated_at": "2021-11-13T10:03:43.352"}}, {"model": "inventory.stock", "pk": 42, "fields": {"item": 2, "batch": "MS02992", "supplier_name": 2, "ordered_price_currency": "MWK", "ordered_price": "250.00", "previous_quantity": 1318, "stock_in": 61, "new_quantity": 1379, "unit_quantity": 1, "created_at": "2021-11-13T09:41:22.987", "updated_at": "2021-11-13T09:54:00.044"}}, {"model": "inventory.stock", "pk": 43, "fields": {"item": 2, "batch": "7776", "supplier_name": 1, "ordered_price_currency": "MWK", "ordered_price": "200.00", "previous_quantity": 1379, "stock_in": 80, "new_quantity": 1459, "unit_quantity": 1, "created_at": "2021-11-13T09:44:12.411", "updated_at": "2021-11-13T09:52:51.811"}}, {"model": "inventory.stock", "pk": 44, "fields": {"item": 2, "batch": "MNSHSH112", "supplier_name": 3, "ordered_price_currency": "MWK", "ordered_price": "230.00", "previous_quantity": 1459, "stock_in": 66, "new_quantity": 1525, "unit_quantity": 1, "created_at": "2021-11-13T09:56:12.737", "updated_at": "2021-11-13T10:04:01.911"}}, {"model": "inventory.stock", "pk": 45, "fields": {"item": 2, "batch": "UWU44", "supplier_name": 1, "ordered_price_currency": "MWK", "ordered_price": "200.00", "previous_quantity": 1525, "stock_in": 64, "new_quantity": 1589, "unit_quantity": 1, "created_at": "2021-11-13T10:04:30.212", "updated_at": "2021-11-13T10:04:30.212"}}, {"model": "inventory.stock", "pk": 46, "fields": {"item": 2, "batch": "6655F", "supplier_name": 3, "ordered_price_currency": "MWK", "ordered_price": "220.00", "previous_quantity": 1589, "stock_in": 66, "new_quantity": 1655, "unit_quantity": 1, "created_at": "2021-11-13T11:02:42.176", "updated_at": "2021-11-13T11:02:42.176"}}, {"model": "inventory.stock", "pk": 47, "fields": {"item": 2, "batch": "hHHG6", "supplier_name": 1, "ordered_price_currency": "MWK", "ordered_price": "200.00", "previous_quantity": 1655, "stock_in": 70, "new_quantity": 1725, "unit_quantity": 1, "created_at": "2021-11-13T11:04:37.628", "updated_at": "2021-11-13T11:04:37.628"}}, {"model": "inventory.stock", "pk": 48, "fields": {"item": 2, "batch": "7888", "supplier_name": 1, "ordered_price_currency": "MWK", "ordered_price": "30.00", "previous_quantity": 1725, "stock_in": 66, "new_quantity": 1791, "unit_quantity": 1, "created_at": "2021-11-13T11:05:30.636", "updated_at": "2021-12-01T15:35:57.733"}}, {"model": "inventory.stock", "pk": 49, "fields": {"item": 2, "batch": "ddgd444", "supplier_name": 2, "ordered_price_currency": "MWK", "ordered_price": "252.00", "previous_quantity": 1791, "stock_in": 45, "new_quantity": 1836, "unit_quantity": 1, "created_at": "2021-11-13T11:17:35.305", "updated_at": "2021-11-13T11:17:35.306"}}, {"model": "inventory.stock", "pk": 50, "fields": {"item": 2, "batch": "ffft5", "supplier_name": 2, "ordered_price_currency": "MWK", "ordered_price": "345.00", "previous_quantity": 1836, "stock_in": 49, "new_quantity": 1885, "unit_quantity": 1, "created_at": "2021-11-13T11:18:32.643", "updated_at": "2021-11-13T11:20:33.139"}}, {"model": "inventory.stock", "pk": 52, "fields": {"item": 3, "batch": "KSKSK", "supplier_name": 1, "ordered_price_currency": "MWK", "ordered_price": "400.00", "previous_quantity": 120, "stock_in": 50, "new_quantity": 170, "unit_quantity": 1, "created_at": "2021-11-16T00:10:43.472", "updated_at": "2021-12-01T15:35:52.718"}}, {"model": "inventory.stock", "pk": 55, "fields": {"item": 5, "batch": "7677", "supplier_name": 2, "ordered_price_currency": "MWK", "ordered_price": "250.00", "previous_quantity": 549, "stock_in": 50, "new_quantity": 599, "unit_quantity": 1, "created_at": "2021-11-18T15:18:16.109", "updated_at": "2021-11-18T15:18:16.110"}}, {"model": "inventory.stock", "pk": 57, "fields": {"item": 5, "batch": "888hhh", "supplier_name": 3, "ordered_price_currency": "MWK", "ordered_price": "200.00", "previous_quantity": 599, "stock_in": 30, "new_quantity": 629, "unit_quantity": 1, "created_at": "2021-11-18T15:20:50.363", "updated_at": "2021-12-01T15:36:03.412"}}, {"model": "inventory.stock", "pk": 58, "fields": {"item": 5, "batch": "yytt", "supplier_name": 2, "ordered_price_currency": "MWK", "ordered_price": "200.00", "previous_quantity": 629, "stock_in": 5, "new_quantity": 634, "unit_quantity": 1, "created_at": "2021-11-25T16:34:45.108", "updated_at": "2021-11-25T16:34:45.108"}}, {"model": "inventory.stock", "pk": 59, "fields": {"item": 5, "batch": "KJSKSSK", "supplier_name": 2, "ordered_price_currency": "MWK", "ordered_price": "250.00", "previous_quantity": 634, "stock_in": 6, "new_quantity": 640, "unit_quantity": 1, "created_at": "2021-11-25T16:40:25.760", "updated_at": "2021-11-25T16:40:25.761"}}, {"model": "inventory.stock", "pk": 60, "fields": {"item": 6, "batch": "KHHGFF23", "supplier_name": 2, "ordered_price_currency": "MWK", "ordered_price": "300.00", "previous_quantity": 2065, "stock_in": 700, "new_quantity": 2765, "unit_quantity": 1, "created_at": "2021-11-29T06:53:35.575", "updated_at": "2021-12-01T15:35:46.081"}}, {"model": "inventory.stock", "pk": 61, "fields": {"item": 5, "batch": "KYTR", "supplier_name": 2, "ordered_price_currency": "MWK", "ordered_price": "250.00", "previous_quantity": 640, "stock_in": 80, "new_quantity": 720, "unit_quantity": 1, "created_at": "2021-11-29T06:54:01.058", "updated_at": "2021-12-01T14:39:11.844"}}, {"model": "inventory.stock", "pk": 62, "fields": {"item": 5, "batch": "ddddrr", "supplier_name": 2, "ordered_price_currency": "MWK", "ordered_price": "300.00", "previous_quantity": 720, "stock_in": 80, "new_quantity": 800, "unit_quantity": 1, "created_at": "2021-12-01T14:39:42.891", "updated_at": "2021-12-01T14:39:42.891"}}, {"model": "inventory.stock", "pk": 63, "fields": {"item": 7, "batch": "DDSDS4", "supplier_name": 1, "ordered_price_currency": "MWK", "ordered_price": "3900.00", "previous_quantity": 106, "stock_in": 10, "new_quantity": 116, "unit_quantity": 1, "created_at": "2021-12-01T15:34:37.298", "updated_at": "2021-12-01T15:34:37.298"}}, {"model": "inventory.stock", "pk": 64, "fields": {"item": 8, "batch": "263635", "supplier_name": 1, "ordered_price_currency": "MWK", "ordered_price": "300.00", "previous_quantity": 118, "stock_in": 11, "new_quantity": 129, "unit_quantity": 1, "created_at": "2021-12-02T10:40:15.790", "updated_at": "2021-12-02T10:40:15.790"}}, {"model": "inventory.stock", "pk": 65, "fields": {"item": 8, "batch": "1231", "supplier_name": 1, "ordered_price_currency": "MWK", "ordered_price": "200.00", "previous_quantity": 129, "stock_in": 30, "new_quantity": 159, "unit_quantity": 1, "created_at": "2021-12-07T18:03:22.285", "updated_at": "2021-12-07T18:03:22.285"}}, {"model": "inventory.stock", "pk": 66, "fields": {"item": 8, "batch": "2333", "supplier_name": 2, "ordered_price_currency": "MWK", "ordered_price": "200.00", "previous_quantity": 159, "stock_in": 30, "new_quantity": 189, "unit_quantity": 1, "created_at": "2021-12-07T18:04:03.981", "updated_at": "2021-12-07T18:04:03.981"}}, {"model": "inventory.stock", "pk": 67, "fields": {"item": 7, "batch": "FW2", "supplier_name": 1, "ordered_price_currency": "MWK", "ordered_price": "3000.00", "previous_quantity": 116, "stock_in": 50, "new_quantity": 166, "unit_quantity": 1, "created_at": "2021-12-09T15:28:40.554", "updated_at": "2021-12-09T15:28:40.554"}}, {"model": "inventory.stock", "pk": 68, "fields": {"item": 2, "batch": "GSSSD", "supplier_name": 2, "ordered_price_currency": "MWK", "ordered_price": "750.00", "previous_quantity": 20, "stock_in": 20, "new_quantity": 40, "unit_quantity": 1, "created_at": "2023-09-26T10:28:25.603", "updated_at": "2023-09-26T10:28:25.603"}}, {"model": "inventory.stock", "pk": 69, "fields": {"item": 9, "batch": "GSSSD", "supplier_name": 2, "ordered_price_currency": "MWK", "ordered_price": "1200.00", "previous_quantity": 12, "stock_in": 12, "new_quantity": 24, "unit_quantity": 1, "created_at": "2023-09-26T10:28:53.087", "updated_at": "2023-09-26T10:28:53.087"}}, {"model": "inventory.stock", "pk": 70, "fields": {"item": 6, "batch": "GSSSD", "supplier_name": 2, "ordered_price_currency": "MWK", "ordered_price": "750.00", "previous_quantity": 20, "stock_in": 20, "new_quantity": 40, "unit_quantity": 1, "created_at": "2023-09-26T10:29:29.363", "updated_at": "2023-09-26T10:29:29.363"}}, {"model": "inventory.stock", "pk": 71, "fields": {"item": 10, "batch": "GSSSD", "supplier_name": 2, "ordered_price_currency": "MWK", "ordered_price": "1200.00", "previous_quantity": 12, "stock_in": 12, "new_quantity": 24, "unit_quantity": 1, "created_at": "2023-09-26T10:30:07.235", "updated_at": "2023-09-26T10:30:07.235"}}, {"model": "inventory.stock", "pk": 72, "fields": {"item": 13, "batch": "GSSSD", "supplier_name": 2, "ordered_price_currency": "MWK", "ordered_price": "2500.00", "previous_quantity": 20, "stock_in": 20, "new_quantity": 40, "unit_quantity": 1, "created_at": "2023-09-26T10:30:48.540", "updated_at": "2023-09-26T10:30:48.540"}}]