[{"model": "inventory.supplier", "pk": 1, "fields": {"name": "Southern Bottlers", "address": "Box 123, BT", "phone_number": "+265999999999", "description": "Suppliers of Drinks"}}, {"model": "inventory.supplier", "pk": 2, "fields": {"name": "Castel Malawi", "address": "Box 333", "phone_number": null, "description": "Suppliers of Drinks"}}, {"model": "inventory.supplier", "pk": 3, "fields": {"name": "Nyama World", "address": "Box 199, Mitundu, Lilongwe", "phone_number": "+265999999999", "description": "Ndudu"}}, {"model": "inventory.supplier", "pk": 4, "fields": {"name": "Pink Tachie", "address": "Box 66, BT", "phone_number": null, "description": "Supplier of Children Staff"}}, {"model": "inventory.unit", "pk": 1, "fields": {"unit_short_name": "Each", "unit_description": "Each Item Unit"}}, {"model": "inventory.unit", "pk": 2, "fields": {"unit_short_name": "Box", "unit_description": "Box"}}, {"model": "inventory.unit", "pk": 3, "fields": {"unit_short_name": "Bottle", "unit_description": "Bottle"}}, {"model": "inventory.unit", "pk": 4, "fields": {"unit_short_name": "Cane", "unit_description": "Cane"}}, {"model": "inventory.itemcategory", "pk": 1, "fields": {"category_name": "Soft Drinks", "category_description": "Soft Drinks", "category_colour": "Blue"}}, {"model": "inventory.itemcategory", "pk": 2, "fields": {"category_name": "Beer", "category_description": "Beer", "category_colour": "Light Blue"}}, {"model": "inventory.itemcategory", "pk": 3, "fields": {"category_name": "Ciders", "category_description": "Ciders", "category_colour": "Green"}}, {"model": "inventory.itemcategory", "pk": 4, "fields": {"category_name": "Food", "category_description": "Food Items", "category_colour": "Orange"}}, {"model": "inventory.itemcategory", "pk": 5, "fields": {"category_name": "Cigarette", "category_description": "Cigarette", "category_colour": "Red"}}, {"model": "inventory.itemcategory", "pk": 6, "fields": {"category_name": "Shots", "category_description": "Shots", "category_colour": "Black"}}, {"model": "inventory.itemcategory", "pk": 7, "fields": {"category_name": "Wine", "category_description": "Wine", "category_colour": "Green"}}, {"model": "inventory.itemcategory", "pk": 8, "fields": {"category_name": "Gin", "category_description": "Gin", "category_colour": "Blue"}}, {"model": "inventory.item", "pk": 2, "fields": {"item_name": "Green", "item_description": "Green 300ml", "unit": 1, "barcode": 123, "image": "ecom_product6_b.png", "ordered_price_currency": "MWK", "ordered_price": "750.00", "price_currency": "MWK", "price": "250.00", "discount_price_currency": "MWK", "discount_price": null, "category": 2, "quantity_at_hand": 20, "reorder_level": 10, "active": true, "slug": "green300ml"}}, {"model": "inventory.item", "pk": 3, "fields": {"item_name": "Fanta", "item_description": "Fanta 300ml", "unit": 1, "barcode": 277272, "image": "ecom_product6_b.png", "ordered_price_currency": "MWK", "ordered_price": "400.00", "price_currency": "MWK", "price": "300.00", "discount_price_currency": "MWK", "discount_price": null, "category": 1, "quantity_at_hand": 0, "reorder_level": 12, "active": true, "slug": "fanta300ml"}}, {"model": "inventory.item", "pk": 5, "fields": {"item_name": "Coke", "item_description": "Coke 300ml", "unit": 3, "barcode": 6151111, "image": "ecom_product6_b.png", "ordered_price_currency": "MWK", "ordered_price": "300.00", "price_currency": "MWK", "price": "230.00", "discount_price_currency": "MWK", "discount_price": null, "category": 1, "quantity_at_hand": 0, "reorder_level": 10, "active": true, "slug": "coke300ml"}}, {"model": "inventory.item", "pk": 6, "fields": {"item_name": "Special", "item_description": "Special 300ml", "unit": 1, "barcode": 35654, "image": "ecom_product6_b.png", "ordered_price_currency": "MWK", "ordered_price": "750.00", "price_currency": "MWK", "price": "650.00", "discount_price_currency": "MWK", "discount_price": null, "category": 2, "quantity_at_hand": 20, "reorder_level": 20, "active": true, "slug": "sp300ml"}}, {"model": "inventory.item", "pk": 7, "fields": {"item_name": "Malawi Gin", "item_description": "750 ml", "unit": 1, "barcode": 62626, "image": "ecom_product6_b.png", "ordered_price_currency": "MWK", "ordered_price": "3000.00", "price_currency": "MWK", "price": "4500.00", "discount_price_currency": "MWK", "discount_price": null, "category": 2, "quantity_at_hand": 0, "reorder_level": 10, "active": true, "slug": "malgin"}}, {"model": "inventory.item", "pk": 8, "fields": {"item_name": "Azam Enaergy Drink", "item_description": "Azam 300 ml", "unit": 3, "barcode": 62222, "image": "ecom_product6_b.png", "ordered_price_currency": "MWK", "ordered_price": "200.00", "price_currency": "MWK", "price": "600.00", "discount_price_currency": "MWK", "discount_price": null, "category": 1, "quantity_at_hand": 0, "reorder_level": 10, "active": true, "slug": "end"}}, {"model": "inventory.item", "pk": 9, "fields": {"item_name": "Green Big", "item_description": "Giant Green 750ml", "unit": 3, "barcode": 1515151, "image": "ecom_product6_b.png", "ordered_price_currency": "MWK", "ordered_price": "1200.00", "price_currency": "MWK", "price": "1600.00", "discount_price_currency": "MWK", "discount_price": null, "category": 2, "quantity_at_hand": 12, "reorder_level": 10, "active": true, "slug": "greenbg"}}, {"model": "inventory.item", "pk": 10, "fields": {"item_name": "Special Big", "item_description": "Special Giant 750ml", "unit": 3, "barcode": 9765, "image": "ecom_product6_b.png", "ordered_price_currency": "MWK", "ordered_price": "1200.00", "price_currency": "MWK", "price": "1600.00", "discount_price_currency": "MWK", "discount_price": null, "category": 2, "quantity_at_hand": 12, "reorder_level": 10, "active": true, "slug": "greensm"}}, {"model": "inventory.item", "pk": 11, "fields": {"item_name": "Kuchekuche Black", "item_description": "Kuchekuche Black Edition", "unit": 3, "barcode": 115151, "image": "ecom_product6_b.png", "ordered_price_currency": "MWK", "ordered_price": "0.00", "price_currency": "MWK", "price": "800.00", "discount_price_currency": "MWK", "discount_price": null, "category": 2, "quantity_at_hand": 0, "reorder_level": 10, "active": true, "slug": "kkblack"}}, {"model": "inventory.item", "pk": 12, "fields": {"item_name": "Kuchekuche", "item_description": "Kuchekuche ordinary", "unit": 3, "barcode": 13242, "image": "ecom_product6_b.png", "ordered_price_currency": "MWK", "ordered_price": "0.00", "price_currency": "MWK", "price": "800.00", "discount_price_currency": "MWK", "discount_price": null, "category": 2, "quantity_at_hand": 0, "reorder_level": 10, "active": true, "slug": "kkordinary"}}, {"model": "inventory.item", "pk": 13, "fields": {"item_name": "Malawi Gin Small", "item_description": "Malawi Gin 330ml", "unit": 3, "barcode": 5625252, "image": "ecom_product6_b.png", "ordered_price_currency": "MWK", "ordered_price": "2500.00", "price_currency": "MWK", "price": "4000.00", "discount_price_currency": "MWK", "discount_price": null, "category": 8, "quantity_at_hand": 20, "reorder_level": 5, "active": true, "slug": "guinsmall"}}, {"model": "inventory.item", "pk": 14, "fields": {"item_name": "Coke Plastic", "item_description": "Coke Plastic Bottle 500ml", "unit": 3, "barcode": 456545, "image": "ecom_product6_b.png", "ordered_price_currency": "MWK", "ordered_price": "0.00", "price_currency": "MWK", "price": "600.00", "discount_price_currency": "MWK", "discount_price": null, "category": 1, "quantity_at_hand": 0, "reorder_level": 10, "active": true, "slug": "cokeplastc"}}, {"model": "inventory.item", "pk": 15, "fields": {"item_name": "Budweiser", "item_description": "Budweiser", "unit": 3, "barcode": 97865, "image": "ecom_product6_b.png", "ordered_price_currency": "MWK", "ordered_price": "0.00", "price_currency": "MWK", "price": "2500.00", "discount_price_currency": "MWK", "discount_price": null, "category": 3, "quantity_at_hand": 0, "reorder_level": 5, "active": true, "slug": "budweiser"}}, {"model": "inventory.item", "pk": 16, "fields": {"item_name": "Castle Lite Bottle", "item_description": "Castle Lite Bottle", "unit": 3, "barcode": 76443, "image": "ecom_product6_b.png", "ordered_price_currency": "MWK", "ordered_price": "0.00", "price_currency": "MWK", "price": "2000.00", "discount_price_currency": "MWK", "discount_price": null, "category": 3, "quantity_at_hand": 0, "reorder_level": 5, "active": true, "slug": "castllitebttle"}}, {"model": "inventory.item", "pk": 17, "fields": {"item_name": "Castle Lite Cane", "item_description": "Castle Lite Cane", "unit": 4, "barcode": 787654, "image": "ecom_product6_b.png", "ordered_price_currency": "MWK", "ordered_price": "0.00", "price_currency": "MWK", "price": "2000.00", "discount_price_currency": "MWK", "discount_price": null, "category": 3, "quantity_at_hand": 0, "reorder_level": 5, "active": true, "slug": "castllitecane"}}, {"model": "inventory.item", "pk": 18, "fields": {"item_name": "Castle Lager", "item_description": "Castle Lager", "unit": 3, "barcode": 262525, "image": "ecom_product6_b.png", "ordered_price_currency": "MWK", "ordered_price": "0.00", "price_currency": "MWK", "price": "2000.00", "discount_price_currency": "MWK", "discount_price": null, "category": 2, "quantity_at_hand": 0, "reorder_level": 5, "active": true, "slug": "castelager"}}, {"model": "inventory.item", "pk": 19, "fields": {"item_name": "Heinekein", "item_description": "Heinekein", "unit": 3, "barcode": 2625251, "image": "ecom_product6_b.png", "ordered_price_currency": "MWK", "ordered_price": "0.00", "price_currency": "MWK", "price": "2000.00", "discount_price_currency": "MWK", "discount_price": null, "category": 2, "quantity_at_hand": 0, "reorder_level": 5, "active": true, "slug": "heinkein"}}, {"model": "inventory.item", "pk": 20, "fields": {"item_name": "Amstel", "item_description": "Amstel", "unit": 3, "barcode": 9273636, "image": "ecom_product6_b.png", "ordered_price_currency": "MWK", "ordered_price": "0.00", "price_currency": "MWK", "price": "2000.00", "discount_price_currency": "MWK", "discount_price": null, "category": 2, "quantity_at_hand": 0, "reorder_level": 5, "active": true, "slug": "amstel"}}, {"model": "inventory.item", "pk": 21, "fields": {"item_name": "Windhoek Lager", "item_description": "Windhook Lager", "unit": 3, "barcode": 63563535, "image": "ecom_product6_b.png", "ordered_price_currency": "MWK", "ordered_price": "0.00", "price_currency": "MWK", "price": "2000.00", "discount_price_currency": "MWK", "discount_price": null, "category": 2, "quantity_at_hand": 0, "reorder_level": 5, "active": true, "slug": "windhooklager"}}, {"model": "inventory.item", "pk": 22, "fields": {"item_name": "Windhoek Draft", "item_description": "Windhoek Draft", "unit": 3, "barcode": 2625626, "image": "ecom_product6_b.png", "ordered_price_currency": "MWK", "ordered_price": "0.00", "price_currency": "MWK", "price": "2000.00", "discount_price_currency": "MWK", "discount_price": null, "category": 2, "quantity_at_hand": 0, "reorder_level": 5, "active": true, "slug": "windhoekdraft"}}, {"model": "inventory.item", "pk": 23, "fields": {"item_name": "Miller", "item_description": "Miller", "unit": 3, "barcode": 938383, "image": "ecom_product6_b.png", "ordered_price_currency": "MWK", "ordered_price": "0.00", "price_currency": "MWK", "price": "2000.00", "discount_price_currency": "MWK", "discount_price": null, "category": 3, "quantity_at_hand": 0, "reorder_level": 5, "active": true, "slug": "miller"}}, {"model": "inventory.item", "pk": 24, "fields": {"item_name": "Corona", "item_description": "Corona", "unit": 3, "barcode": 2563535, "image": "ecom_product6_b.png", "ordered_price_currency": "MWK", "ordered_price": "0.00", "price_currency": "MWK", "price": "2000.00", "discount_price_currency": "MWK", "discount_price": null, "category": 2, "quantity_at_hand": 0, "reorder_level": 5, "active": true, "slug": "corona"}}, {"model": "inventory.item", "pk": 25, "fields": {"item_name": "Stella Artour", "item_description": "Stella Artour", "unit": 3, "barcode": 252525, "image": "ecom_product6_b.png", "ordered_price_currency": "MWK", "ordered_price": "0.00", "price_currency": "MWK", "price": "2000.00", "discount_price_currency": "MWK", "discount_price": null, "category": 3, "quantity_at_hand": 0, "reorder_level": 5, "active": true, "slug": "stellarArtour"}}, {"model": "inventory.item", "pk": 26, "fields": {"item_name": "Savanna", "item_description": "Savanna", "unit": 3, "barcode": 26256262, "image": "ecom_product6_b.png", "ordered_price_currency": "MWK", "ordered_price": "0.00", "price_currency": "MWK", "price": "2000.00", "discount_price_currency": "MWK", "discount_price": null, "category": 3, "quantity_at_hand": 0, "reorder_level": 5, "active": true, "slug": "savanna"}}, {"model": "inventory.item", "pk": 27, "fields": {"item_name": "Flying Fish", "item_description": "Flying Fish", "unit": 3, "barcode": 25252525, "image": "ecom_product6_b.png", "ordered_price_currency": "MWK", "ordered_price": "0.00", "price_currency": "MWK", "price": "2000.00", "discount_price_currency": "MWK", "discount_price": null, "category": 3, "quantity_at_hand": 0, "reorder_level": 5, "active": true, "slug": "flyingfish"}}, {"model": "inventory.item", "pk": 28, "fields": {"item_name": "Guarana", "item_description": "Guarana", "unit": 3, "barcode": 1253553, "image": "ecom_product6_b.png", "ordered_price_currency": "MWK", "ordered_price": "0.00", "price_currency": "MWK", "price": "2000.00", "discount_price_currency": "MWK", "discount_price": null, "category": 6, "quantity_at_hand": 0, "reorder_level": 0, "active": true, "slug": "guarana"}}, {"model": "inventory.item", "pk": 29, "fields": {"item_name": "Hunters Gold", "item_description": "Hunters", "unit": 3, "barcode": 515151, "image": "ecom_product6_b.png", "ordered_price_currency": "MWK", "ordered_price": "0.00", "price_currency": "MWK", "price": "2000.00", "discount_price_currency": "MWK", "discount_price": null, "category": 3, "quantity_at_hand": 0, "reorder_level": 5, "active": true, "slug": "huntersgold"}}, {"model": "inventory.item", "pk": 30, "fields": {"item_name": "Hunters Dry", "item_description": "Hunters Dry", "unit": 3, "barcode": 8937600, "image": "ecom_product6_b.png", "ordered_price_currency": "MWK", "ordered_price": "0.00", "price_currency": "MWK", "price": "2000.00", "discount_price_currency": "MWK", "discount_price": null, "category": 3, "quantity_at_hand": 0, "reorder_level": 5, "active": true, "slug": "huntersdry"}}, {"model": "inventory.item", "pk": 31, "fields": {"item_name": "Manica", "item_description": "Manica", "unit": 4, "barcode": 25233535, "image": "ecom_product6_b.png", "ordered_price_currency": "MWK", "ordered_price": "0.00", "price_currency": "MWK", "price": "1000.00", "discount_price_currency": "MWK", "discount_price": null, "category": 2, "quantity_at_hand": 0, "reorder_level": 5, "active": true, "slug": "manica"}}, {"model": "inventory.item", "pk": 32, "fields": {"item_name": "Breezer Strawberry", "item_description": "Breezer Strawberry", "unit": 3, "barcode": 2126526266, "image": "ecom_product6_b.png", "ordered_price_currency": "MWK", "ordered_price": "0.00", "price_currency": "MWK", "price": "2000.00", "discount_price_currency": "MWK", "discount_price": null, "category": 3, "quantity_at_hand": 0, "reorder_level": 5, "active": true, "slug": "breezerstrawb"}}, {"model": "inventory.item", "pk": 33, "fields": {"item_name": "Breezer Blueberry", "item_description": "Breezer Blueberry", "unit": 3, "barcode": 225245151, "image": "ecom_product6_b.png", "ordered_price_currency": "MWK", "ordered_price": "0.00", "price_currency": "MWK", "price": "2000.00", "discount_price_currency": "MWK", "discount_price": null, "category": 3, "quantity_at_hand": 0, "reorder_level": 5, "active": true, "slug": "breezerblue"}}, {"model": "inventory.stock", "pk": 68, "fields": {"item": 2, "batch": "GSSSD", "supplier_name": 2, "ordered_price_currency": "MWK", "ordered_price": "750.00", "previous_quantity": 0, "stock_in": 20, "new_quantity": 20, "unit_quantity": 1, "created_at": "2023-09-26T10:28:25.603", "updated_at": "2023-09-26T10:28:25.603"}}, {"model": "inventory.stock", "pk": 69, "fields": {"item": 9, "batch": "GSSSD", "supplier_name": 2, "ordered_price_currency": "MWK", "ordered_price": "1200.00", "previous_quantity": 0, "stock_in": 12, "new_quantity": 12, "unit_quantity": 1, "created_at": "2023-09-26T10:28:53.087", "updated_at": "2023-09-26T10:28:53.087"}}, {"model": "inventory.stock", "pk": 70, "fields": {"item": 6, "batch": "GSSSD", "supplier_name": 2, "ordered_price_currency": "MWK", "ordered_price": "750.00", "previous_quantity": 0, "stock_in": 20, "new_quantity": 20, "unit_quantity": 1, "created_at": "2023-09-26T10:29:29.363", "updated_at": "2023-09-26T10:29:29.363"}}, {"model": "inventory.stock", "pk": 71, "fields": {"item": 10, "batch": "GSSSD", "supplier_name": 2, "ordered_price_currency": "MWK", "ordered_price": "1200.00", "previous_quantity": 0, "stock_in": 12, "new_quantity": 12, "unit_quantity": 1, "created_at": "2023-09-26T10:30:07.235", "updated_at": "2023-09-26T10:30:07.235"}}, {"model": "inventory.stock", "pk": 72, "fields": {"item": 13, "batch": "GSSSD", "supplier_name": 2, "ordered_price_currency": "MWK", "ordered_price": "2500.00", "previous_quantity": 0, "stock_in": 20, "new_quantity": 20, "unit_quantity": 1, "created_at": "2023-09-26T10:30:48.540", "updated_at": "2023-09-26T10:30:48.540"}}]