[{"model": "admin.logentry", "pk": 1, "fields": {"action_time": "2023-09-25T11:24:28.116", "user": 1, "content_type": 14, "object_id": "1", "object_repr": "MWK0.00", "action_flag": 1, "change_message": "[{\"added\": {}}]"}}, {"model": "admin.logentry", "pk": 2, "fields": {"action_time": "2023-09-25T12:45:45.406", "user": 1, "content_type": 7, "object_id": "1", "object_repr": "chiccochikaonda@gmail.com", "action_flag": 2, "change_message": "[{\"changed\": {\"fields\": [\"Image\"]}}]"}}, {"model": "admin.logentry", "pk": 3, "fields": {"action_time": "2023-09-25T12:50:32.847", "user": 1, "content_type": 16, "object_id": "2", "object_repr": "John Doe 2023-09-25 11:49:00.688434", "action_flag": 3, "change_message": ""}}, {"model": "admin.logentry", "pk": 4, "fields": {"action_time": "2023-09-25T12:50:32.903", "user": 1, "content_type": 16, "object_id": "1", "object_repr": "General Customer 2023-09-25 11:24:33.952632", "action_flag": 3, "change_message": ""}}, {"model": "admin.logentry", "pk": 5, "fields": {"action_time": "2023-09-25T12:50:51.015", "user": 1, "content_type": 14, "object_id": "3", "object_repr": "MWK2,000.00", "action_flag": 3, "change_message": ""}}, {"model": "admin.logentry", "pk": 6, "fields": {"action_time": "2023-09-25T12:50:51.094", "user": 1, "content_type": 14, "object_id": "2", "object_repr": "MWK2,000.00", "action_flag": 3, "change_message": ""}}, {"model": "auth.permission", "pk": 1, "fields": {"name": "Can add log entry", "content_type": 1, "codename": "add_logentry"}}, {"model": "auth.permission", "pk": 2, "fields": {"name": "Can change log entry", "content_type": 1, "codename": "change_logentry"}}, {"model": "auth.permission", "pk": 3, "fields": {"name": "Can delete log entry", "content_type": 1, "codename": "delete_logentry"}}, {"model": "auth.permission", "pk": 4, "fields": {"name": "Can view log entry", "content_type": 1, "codename": "view_logentry"}}, {"model": "auth.permission", "pk": 5, "fields": {"name": "Can change config", "content_type": 2, "codename": "change_config"}}, {"model": "auth.permission", "pk": 6, "fields": {"name": "Can view config", "content_type": 2, "codename": "view_config"}}, {"model": "auth.permission", "pk": 7, "fields": {"name": "Can add permission", "content_type": 3, "codename": "add_permission"}}, {"model": "auth.permission", "pk": 8, "fields": {"name": "Can change permission", "content_type": 3, "codename": "change_permission"}}, {"model": "auth.permission", "pk": 9, "fields": {"name": "Can delete permission", "content_type": 3, "codename": "delete_permission"}}, {"model": "auth.permission", "pk": 10, "fields": {"name": "Can view permission", "content_type": 3, "codename": "view_permission"}}, {"model": "auth.permission", "pk": 11, "fields": {"name": "Can add group", "content_type": 4, "codename": "add_group"}}, {"model": "auth.permission", "pk": 12, "fields": {"name": "Can change group", "content_type": 4, "codename": "change_group"}}, {"model": "auth.permission", "pk": 13, "fields": {"name": "Can delete group", "content_type": 4, "codename": "delete_group"}}, {"model": "auth.permission", "pk": 14, "fields": {"name": "Can view group", "content_type": 4, "codename": "view_group"}}, {"model": "auth.permission", "pk": 15, "fields": {"name": "Can add content type", "content_type": 5, "codename": "add_contenttype"}}, {"model": "auth.permission", "pk": 16, "fields": {"name": "Can change content type", "content_type": 5, "codename": "change_contenttype"}}, {"model": "auth.permission", "pk": 17, "fields": {"name": "Can delete content type", "content_type": 5, "codename": "delete_contenttype"}}, {"model": "auth.permission", "pk": 18, "fields": {"name": "Can view content type", "content_type": 5, "codename": "view_contenttype"}}, {"model": "auth.permission", "pk": 19, "fields": {"name": "Can add session", "content_type": 6, "codename": "add_session"}}, {"model": "auth.permission", "pk": 20, "fields": {"name": "Can change session", "content_type": 6, "codename": "change_session"}}, {"model": "auth.permission", "pk": 21, "fields": {"name": "Can delete session", "content_type": 6, "codename": "delete_session"}}, {"model": "auth.permission", "pk": 22, "fields": {"name": "Can view session", "content_type": 6, "codename": "view_session"}}, {"model": "auth.permission", "pk": 23, "fields": {"name": "Can add custom user", "content_type": 7, "codename": "add_customuser"}}, {"model": "auth.permission", "pk": 24, "fields": {"name": "Can change custom user", "content_type": 7, "codename": "change_customuser"}}, {"model": "auth.permission", "pk": 25, "fields": {"name": "Can delete custom user", "content_type": 7, "codename": "delete_customuser"}}, {"model": "auth.permission", "pk": 26, "fields": {"name": "Can view custom user", "content_type": 7, "codename": "view_customuser"}}, {"model": "auth.permission", "pk": 27, "fields": {"name": "Can add item", "content_type": 8, "codename": "add_item"}}, {"model": "auth.permission", "pk": 28, "fields": {"name": "Can change item", "content_type": 8, "codename": "change_item"}}, {"model": "auth.permission", "pk": 29, "fields": {"name": "Can delete item", "content_type": 8, "codename": "delete_item"}}, {"model": "auth.permission", "pk": 30, "fields": {"name": "Can view item", "content_type": 8, "codename": "view_item"}}, {"model": "auth.permission", "pk": 31, "fields": {"name": "Can add item category", "content_type": 9, "codename": "add_itemcategory"}}, {"model": "auth.permission", "pk": 32, "fields": {"name": "Can change item category", "content_type": 9, "codename": "change_itemcategory"}}, {"model": "auth.permission", "pk": 33, "fields": {"name": "Can delete item category", "content_type": 9, "codename": "delete_itemcategory"}}, {"model": "auth.permission", "pk": 34, "fields": {"name": "Can view item category", "content_type": 9, "codename": "view_itemcategory"}}, {"model": "auth.permission", "pk": 35, "fields": {"name": "Can add supplier", "content_type": 10, "codename": "add_supplier"}}, {"model": "auth.permission", "pk": 36, "fields": {"name": "Can change supplier", "content_type": 10, "codename": "change_supplier"}}, {"model": "auth.permission", "pk": 37, "fields": {"name": "Can delete supplier", "content_type": 10, "codename": "delete_supplier"}}, {"model": "auth.permission", "pk": 38, "fields": {"name": "Can view supplier", "content_type": 10, "codename": "view_supplier"}}, {"model": "auth.permission", "pk": 39, "fields": {"name": "Can add unit", "content_type": 11, "codename": "add_unit"}}, {"model": "auth.permission", "pk": 40, "fields": {"name": "Can change unit", "content_type": 11, "codename": "change_unit"}}, {"model": "auth.permission", "pk": 41, "fields": {"name": "Can delete unit", "content_type": 11, "codename": "delete_unit"}}, {"model": "auth.permission", "pk": 42, "fields": {"name": "Can view unit", "content_type": 11, "codename": "view_unit"}}, {"model": "auth.permission", "pk": 43, "fields": {"name": "Can add stock", "content_type": 12, "codename": "add_stock"}}, {"model": "auth.permission", "pk": 44, "fields": {"name": "Can change stock", "content_type": 12, "codename": "change_stock"}}, {"model": "auth.permission", "pk": 45, "fields": {"name": "Can delete stock", "content_type": 12, "codename": "delete_stock"}}, {"model": "auth.permission", "pk": 46, "fields": {"name": "Can view stock", "content_type": 12, "codename": "view_stock"}}, {"model": "auth.permission", "pk": 47, "fields": {"name": "Can add customer", "content_type": 13, "codename": "add_customer"}}, {"model": "auth.permission", "pk": 48, "fields": {"name": "Can change customer", "content_type": 13, "codename": "change_customer"}}, {"model": "auth.permission", "pk": 49, "fields": {"name": "Can delete customer", "content_type": 13, "codename": "delete_customer"}}, {"model": "auth.permission", "pk": 50, "fields": {"name": "Can view customer", "content_type": 13, "codename": "view_customer"}}, {"model": "auth.permission", "pk": 51, "fields": {"name": "Can add payment", "content_type": 14, "codename": "add_payment"}}, {"model": "auth.permission", "pk": 52, "fields": {"name": "Can change payment", "content_type": 14, "codename": "change_payment"}}, {"model": "auth.permission", "pk": 53, "fields": {"name": "Can delete payment", "content_type": 14, "codename": "delete_payment"}}, {"model": "auth.permission", "pk": 54, "fields": {"name": "Can view payment", "content_type": 14, "codename": "view_payment"}}, {"model": "auth.permission", "pk": 55, "fields": {"name": "Can add order item", "content_type": 15, "codename": "add_orderitem"}}, {"model": "auth.permission", "pk": 56, "fields": {"name": "Can change order item", "content_type": 15, "codename": "change_orderitem"}}, {"model": "auth.permission", "pk": 57, "fields": {"name": "Can delete order item", "content_type": 15, "codename": "delete_orderitem"}}, {"model": "auth.permission", "pk": 58, "fields": {"name": "Can view order item", "content_type": 15, "codename": "view_orderitem"}}, {"model": "auth.permission", "pk": 59, "fields": {"name": "Can add order", "content_type": 16, "codename": "add_order"}}, {"model": "auth.permission", "pk": 60, "fields": {"name": "Can change order", "content_type": 16, "codename": "change_order"}}, {"model": "auth.permission", "pk": 61, "fields": {"name": "Can delete order", "content_type": 16, "codename": "delete_order"}}, {"model": "auth.permission", "pk": 62, "fields": {"name": "Can view order", "content_type": 16, "codename": "view_order"}}, {"model": "contenttypes.contenttype", "pk": 1, "fields": {"app_label": "admin", "model": "logentry"}}, {"model": "contenttypes.contenttype", "pk": 2, "fields": {"app_label": "constance", "model": "config"}}, {"model": "contenttypes.contenttype", "pk": 3, "fields": {"app_label": "auth", "model": "permission"}}, {"model": "contenttypes.contenttype", "pk": 4, "fields": {"app_label": "auth", "model": "group"}}, {"model": "contenttypes.contenttype", "pk": 5, "fields": {"app_label": "contenttypes", "model": "contenttype"}}, {"model": "contenttypes.contenttype", "pk": 6, "fields": {"app_label": "sessions", "model": "session"}}, {"model": "contenttypes.contenttype", "pk": 7, "fields": {"app_label": "accounts", "model": "customuser"}}, {"model": "contenttypes.contenttype", "pk": 8, "fields": {"app_label": "inventory", "model": "item"}}, {"model": "contenttypes.contenttype", "pk": 9, "fields": {"app_label": "inventory", "model": "itemcategory"}}, {"model": "contenttypes.contenttype", "pk": 10, "fields": {"app_label": "inventory", "model": "supplier"}}, {"model": "contenttypes.contenttype", "pk": 11, "fields": {"app_label": "inventory", "model": "unit"}}, {"model": "contenttypes.contenttype", "pk": 12, "fields": {"app_label": "inventory", "model": "stock"}}, {"model": "contenttypes.contenttype", "pk": 13, "fields": {"app_label": "pos", "model": "customer"}}, {"model": "contenttypes.contenttype", "pk": 14, "fields": {"app_label": "pos", "model": "payment"}}, {"model": "contenttypes.contenttype", "pk": 15, "fields": {"app_label": "pos", "model": "orderitem"}}, {"model": "contenttypes.contenttype", "pk": 16, "fields": {"app_label": "pos", "model": "order"}}, {"model": "sessions.session", "pk": "2es1j62bpy0igj5xd480nihoky3wujw1", "fields": {"session_data": ".eJxVjDsOwjAQBe_iGln-rT-U9JzBWtsbHEC2FCcV4u4QKQW0b2bei0Xc1hq3QUucCzszyU6_W8L8oLaDcsd26zz3ti5z4rvCDzr4tRd6Xg7376DiqN9apyIFZCCSglz2AYJWDpRS4IIhh-iFcRaoeG81SpWnyRlpAYIVKiB7fwC-iDaV:1qkj3b:lowwHVq5dPu_zShtr89tmrvuZI9EcZoUnbFx0npSza4", "expire_date": "2023-10-09T12:43:15.524"}}, {"model": "sessions.session", "pk": "qdlfauqdeiwnpg8qgp5rnm6952wanbrm", "fields": {"session_data": ".eJxVjDsOwjAQBe_iGln-rT-U9JzBWtsbHEC2FCcV4u4QKQW0b2bei0Xc1hq3QUucCzszyU6_W8L8oLaDcsd26zz3ti5z4rvCDzr4tRd6Xg7376DiqN9apyIFZCCSglz2AYJWDpRS4IIhh-iFcRaoeG81SpWnyRlpAYIVKiB7fwC-iDaV:1qkj3b:lowwHVq5dPu_zShtr89tmrvuZI9EcZoUnbFx0npSza4", "expire_date": "2023-10-09T12:43:15.265"}}, {"model": "accounts.customuser", "pk": 1, "fields": {"password": "pbkdf2_sha256$600000$kio0lqyr0RLDAU2tMxAM6H$75EZ0cwj+MBonNH1Eh87T/aTHH53wct49gKSb6aogVA=", "last_login": "2023-09-25T12:43:15.452", "email": "chiccochikaonda@gmail.com", "full_name": "Chicco Chikaonda", "user_role": "0999048474", "phone_number": "+265888321420", "active": true, "admin": true, "superuser": true, "staff": true, "timestamp": "2021-11-07T15:16:03.533", "image": "download.png"}}, {"model": "accounts.customuser", "pk": 2, "fields": {"password": "pbkdf2_sha256$180000$CgLi0ztjKDtt$2cyuWJKRsVMPuRkTDWsz3P4QtWxdYOboNndSPSFse80=", "last_login": "2021-12-03T00:42:46.729", "email": "testuser@example.com", "full_name": "Test User", "user_role": "User", "phone_number": "+265999555777", "active": true, "admin": false, "superuser": false, "staff": true, "timestamp": "2021-11-29T16:36:06.590", "image": "avatar0.jpg"}}, {"model": "inventory.supplier", "pk": 1, "fields": {"name": "Southern Bottlers", "address": "Box 123, BT", "phone_number": "+265999999999", "description": "Suppliers of Drinks"}}, {"model": "inventory.supplier", "pk": 2, "fields": {"name": "Castel Malawi", "address": "Box 333", "phone_number": null, "description": "Suppliers of Drinks"}}, {"model": "inventory.supplier", "pk": 3, "fields": {"name": "Nyama World", "address": "Box 199, Mitundu, Lilongwe", "phone_number": "+265999999999", "description": "Ndudu"}}, {"model": "inventory.supplier", "pk": 4, "fields": {"name": "Pink Tachie", "address": "Box 66, BT", "phone_number": null, "description": "Supplier of Children Staff"}}, {"model": "inventory.unit", "pk": 1, "fields": {"unit_short_name": "Each", "unit_description": "Each Item Uni"}}, {"model": "inventory.unit", "pk": 2, "fields": {"unit_short_name": "Box", "unit_description": "Box"}}, {"model": "inventory.unit", "pk": 3, "fields": {"unit_short_name": "Bottle", "unit_description": "Bottle"}}, {"model": "inventory.unit", "pk": 4, "fields": {"unit_short_name": "Cane", "unit_description": "Cane"}}, {"model": "inventory.itemcategory", "pk": 1, "fields": {"category_name": "Soft Drinks", "category_description": "Soft Drinks", "category_colour": "Blue"}}, {"model": "inventory.itemcategory", "pk": 2, "fields": {"category_name": "Beer", "category_description": "Beer", "category_colour": "Light Blue"}}, {"model": "inventory.itemcategory", "pk": 3, "fields": {"category_name": "Ciders", "category_description": "Ciders", "category_colour": "Green"}}, {"model": "inventory.itemcategory", "pk": 4, "fields": {"category_name": "Food", "category_description": "Food Items", "category_colour": "Orange"}}, {"model": "inventory.itemcategory", "pk": 5, "fields": {"category_name": "Cigarette", "category_description": "Cigarette", "category_colour": "Red"}}, {"model": "inventory.itemcategory", "pk": 6, "fields": {"category_name": "Shots", "category_description": "Shots", "category_colour": "Black"}}, {"model": "inventory.itemcategory", "pk": 7, "fields": {"category_name": "Wine", "category_description": "Wine", "category_colour": "Green"}}, {"model": "inventory.itemcategory", "pk": 8, "fields": {"category_name": "Gin", "category_description": "Gin", "category_colour": "Blue"}}, {"model": "inventory.item", "pk": 2, "fields": {"item_name": "Green", "item_description": "Green 300ml", "unit": 1, "barcode": 123, "image": "ecom_product6_b.png", "ordered_price_currency": "MWK", "ordered_price": "345.00", "price_currency": "MWK", "price": "250.00", "discount_price_currency": "MWK", "discount_price": null, "category": 2, "quantity_at_hand": 1226, "reorder_level": 10, "active": true, "slug": "green300ml"}}, {"model": "inventory.item", "pk": 3, "fields": {"item_name": "Fanta", "item_description": "Fanta 300ml", "unit": 1, "barcode": 277272, "image": "ecom_product6_b.png", "ordered_price_currency": "MWK", "ordered_price": "400.00", "price_currency": "MWK", "price": "300.00", "discount_price_currency": "MWK", "discount_price": null, "category": 1, "quantity_at_hand": 120, "reorder_level": 12, "active": true, "slug": "fanta300ml"}}, {"model": "inventory.item", "pk": 5, "fields": {"item_name": "Coke", "item_description": "Coke 300ml", "unit": 1, "barcode": 6151111, "image": "ecom_product6_b.png", "ordered_price_currency": "MWK", "ordered_price": "300.00", "price_currency": "MWK", "price": "230.00", "discount_price_currency": "MWK", "discount_price": null, "category": 1, "quantity_at_hand": 549, "reorder_level": 10, "active": true, "slug": "coke300ml"}}, {"model": "inventory.item", "pk": 6, "fields": {"item_name": "Special", "item_description": "Special 300ml", "unit": 1, "barcode": 35654, "image": "ecom_product6_b.png", "ordered_price_currency": "MWK", "ordered_price": "300.00", "price_currency": "MWK", "price": "650.00", "discount_price_currency": "MWK", "discount_price": null, "category": 2, "quantity_at_hand": 2065, "reorder_level": 20, "active": true, "slug": "sp300ml"}}, {"model": "inventory.item", "pk": 7, "fields": {"item_name": "Malawi Gin", "item_description": "750 ml", "unit": 1, "barcode": 62626, "image": "ecom_product6_b.png", "ordered_price_currency": "MWK", "ordered_price": "3000.00", "price_currency": "MWK", "price": "4500.00", "discount_price_currency": "MWK", "discount_price": null, "category": 2, "quantity_at_hand": 106, "reorder_level": 10, "active": true, "slug": "malgin"}}, {"model": "inventory.item", "pk": 8, "fields": {"item_name": "Azam Enaergy Drink", "item_description": "Azam 300 ml", "unit": 1, "barcode": 62222, "image": "ecom_product6_b.png", "ordered_price_currency": "MWK", "ordered_price": "200.00", "price_currency": "MWK", "price": "420.00", "discount_price_currency": "MWK", "discount_price": null, "category": 1, "quantity_at_hand": 118, "reorder_level": 10, "active": true, "slug": "end"}}, {"model": "inventory.item", "pk": 9, "fields": {"item_name": "Green Big", "item_description": "Giant Green 750ml", "unit": 3, "barcode": 1515151, "image": "ecom_product6_b.png", "ordered_price_currency": "MWK", "ordered_price": "0.00", "price_currency": "MWK", "price": "1600.00", "discount_price_currency": "MWK", "discount_price": null, "category": 2, "quantity_at_hand": 0, "reorder_level": 10, "active": true, "slug": "greenbg"}}, {"model": "inventory.item", "pk": 10, "fields": {"item_name": "Special Big", "item_description": "Special Giant 750ml", "unit": 3, "barcode": 9765, "image": "ecom_product6_b.png", "ordered_price_currency": "MWK", "ordered_price": "0.00", "price_currency": "MWK", "price": "1600.00", "discount_price_currency": "MWK", "discount_price": null, "category": 2, "quantity_at_hand": 0, "reorder_level": 10, "active": true, "slug": "greenbg"}}, {"model": "inventory.item", "pk": 11, "fields": {"item_name": "Kuchekuche Black", "item_description": "Kuchekuche Black Edition", "unit": 3, "barcode": 115151, "image": "ecom_product6_b.png", "ordered_price_currency": "MWK", "ordered_price": "0.00", "price_currency": "MWK", "price": "800.00", "discount_price_currency": "MWK", "discount_price": null, "category": 2, "quantity_at_hand": 0, "reorder_level": 10, "active": true, "slug": "kkblack"}}, {"model": "inventory.item", "pk": 12, "fields": {"item_name": "Kuchekuche", "item_description": "Kuchekuche ordinary", "unit": 3, "barcode": 13242, "image": "ecom_product6_b.png", "ordered_price_currency": "MWK", "ordered_price": "0.00", "price_currency": "MWK", "price": "800.00", "discount_price_currency": "MWK", "discount_price": null, "category": 2, "quantity_at_hand": 0, "reorder_level": 10, "active": true, "slug": "kkordinary"}}, {"model": "inventory.item", "pk": 13, "fields": {"item_name": "Malawi Gin Small", "item_description": "Malawi Gin 330ml", "unit": 3, "barcode": 5625252, "image": "ecom_product6_b.png", "ordered_price_currency": "MWK", "ordered_price": "0.00", "price_currency": "MWK", "price": "4000.00", "discount_price_currency": "MWK", "discount_price": null, "category": 8, "quantity_at_hand": 0, "reorder_level": 5, "active": true, "slug": "guinsmall"}}, {"model": "inventory.stock", "pk": 40, "fields": {"item": 2, "batch": "333", "supplier_name": 2, "ordered_price_currency": "MWK", "ordered_price": "200.00", "previous_quantity": 567, "stock_in": 92, "new_quantity": 659, "unit_quantity": 1, "created_at": "2021-11-10T16:23:49.804", "updated_at": "2021-11-13T10:03:43.352"}}, {"model": "inventory.stock", "pk": 42, "fields": {"item": 2, "batch": "MS02992", "supplier_name": 2, "ordered_price_currency": "MWK", "ordered_price": "250.00", "previous_quantity": 659, "stock_in": 61, "new_quantity": 720, "unit_quantity": 1, "created_at": "2021-11-13T09:41:22.987", "updated_at": "2021-11-13T09:54:00.044"}}, {"model": "inventory.stock", "pk": 43, "fields": {"item": 2, "batch": "7776", "supplier_name": 1, "ordered_price_currency": "MWK", "ordered_price": "200.00", "previous_quantity": 720, "stock_in": 80, "new_quantity": 800, "unit_quantity": 1, "created_at": "2021-11-13T09:44:12.411", "updated_at": "2021-11-13T09:52:51.811"}}, {"model": "inventory.stock", "pk": 44, "fields": {"item": 2, "batch": "MNSHSH112", "supplier_name": 3, "ordered_price_currency": "MWK", "ordered_price": "230.00", "previous_quantity": 800, "stock_in": 66, "new_quantity": 866, "unit_quantity": 1, "created_at": "2021-11-13T09:56:12.737", "updated_at": "2021-11-13T10:04:01.911"}}, {"model": "inventory.stock", "pk": 45, "fields": {"item": 2, "batch": "UWU44", "supplier_name": 1, "ordered_price_currency": "MWK", "ordered_price": "200.00", "previous_quantity": 866, "stock_in": 64, "new_quantity": 930, "unit_quantity": 1, "created_at": "2021-11-13T10:04:30.212", "updated_at": "2021-11-13T10:04:30.212"}}, {"model": "inventory.stock", "pk": 46, "fields": {"item": 2, "batch": "6655F", "supplier_name": 3, "ordered_price_currency": "MWK", "ordered_price": "220.00", "previous_quantity": 930, "stock_in": 66, "new_quantity": 996, "unit_quantity": 1, "created_at": "2021-11-13T11:02:42.176", "updated_at": "2021-11-13T11:02:42.176"}}, {"model": "inventory.stock", "pk": 47, "fields": {"item": 2, "batch": "hHHG6", "supplier_name": 1, "ordered_price_currency": "MWK", "ordered_price": "200.00", "previous_quantity": 996, "stock_in": 70, "new_quantity": 1066, "unit_quantity": 1, "created_at": "2021-11-13T11:04:37.628", "updated_at": "2021-11-13T11:04:37.628"}}, {"model": "inventory.stock", "pk": 48, "fields": {"item": 2, "batch": "7888", "supplier_name": 1, "ordered_price_currency": "MWK", "ordered_price": "30.00", "previous_quantity": 1066, "stock_in": 66, "new_quantity": 1132, "unit_quantity": 1, "created_at": "2021-11-13T11:05:30.636", "updated_at": "2021-12-01T15:35:57.733"}}, {"model": "inventory.stock", "pk": 49, "fields": {"item": 2, "batch": "ddgd444", "supplier_name": 2, "ordered_price_currency": "MWK", "ordered_price": "252.00", "previous_quantity": 1132, "stock_in": 45, "new_quantity": 1177, "unit_quantity": 1, "created_at": "2021-11-13T11:17:35.305", "updated_at": "2021-11-13T11:17:35.306"}}, {"model": "inventory.stock", "pk": 50, "fields": {"item": 2, "batch": "ffft5", "supplier_name": 2, "ordered_price_currency": "MWK", "ordered_price": "345.00", "previous_quantity": 1177, "stock_in": 49, "new_quantity": 1226, "unit_quantity": 1, "created_at": "2021-11-13T11:18:32.643", "updated_at": "2021-11-13T11:20:33.139"}}, {"model": "inventory.stock", "pk": 52, "fields": {"item": 3, "batch": "KSKSK", "supplier_name": 1, "ordered_price_currency": "MWK", "ordered_price": "400.00", "previous_quantity": 70, "stock_in": 50, "new_quantity": 120, "unit_quantity": 1, "created_at": "2021-11-16T00:10:43.472", "updated_at": "2021-12-01T15:35:52.718"}}, {"model": "inventory.stock", "pk": 55, "fields": {"item": 5, "batch": "7677", "supplier_name": 2, "ordered_price_currency": "MWK", "ordered_price": "250.00", "previous_quantity": 298, "stock_in": 50, "new_quantity": 348, "unit_quantity": 1, "created_at": "2021-11-18T15:18:16.109", "updated_at": "2021-11-18T15:18:16.110"}}, {"model": "inventory.stock", "pk": 57, "fields": {"item": 5, "batch": "888hhh", "supplier_name": 3, "ordered_price_currency": "MWK", "ordered_price": "200.00", "previous_quantity": 348, "stock_in": 30, "new_quantity": 378, "unit_quantity": 1, "created_at": "2021-11-18T15:20:50.363", "updated_at": "2021-12-01T15:36:03.412"}}, {"model": "inventory.stock", "pk": 58, "fields": {"item": 5, "batch": "yytt", "supplier_name": 2, "ordered_price_currency": "MWK", "ordered_price": "200.00", "previous_quantity": 378, "stock_in": 5, "new_quantity": 383, "unit_quantity": 1, "created_at": "2021-11-25T16:34:45.108", "updated_at": "2021-11-25T16:34:45.108"}}, {"model": "inventory.stock", "pk": 59, "fields": {"item": 5, "batch": "KJSKSSK", "supplier_name": 2, "ordered_price_currency": "MWK", "ordered_price": "250.00", "previous_quantity": 383, "stock_in": 6, "new_quantity": 389, "unit_quantity": 1, "created_at": "2021-11-25T16:40:25.760", "updated_at": "2021-11-25T16:40:25.761"}}, {"model": "inventory.stock", "pk": 60, "fields": {"item": 6, "batch": "KHHGFF23", "supplier_name": 2, "ordered_price_currency": "MWK", "ordered_price": "300.00", "previous_quantity": 1365, "stock_in": 700, "new_quantity": 2065, "unit_quantity": 1, "created_at": "2021-11-29T06:53:35.575", "updated_at": "2021-12-01T15:35:46.081"}}, {"model": "inventory.stock", "pk": 61, "fields": {"item": 5, "batch": "KYTR", "supplier_name": 2, "ordered_price_currency": "MWK", "ordered_price": "250.00", "previous_quantity": 389, "stock_in": 80, "new_quantity": 469, "unit_quantity": 1, "created_at": "2021-11-29T06:54:01.058", "updated_at": "2021-12-01T14:39:11.844"}}, {"model": "inventory.stock", "pk": 62, "fields": {"item": 5, "batch": "ddddrr", "supplier_name": 2, "ordered_price_currency": "MWK", "ordered_price": "300.00", "previous_quantity": 469, "stock_in": 80, "new_quantity": 549, "unit_quantity": 1, "created_at": "2021-12-01T14:39:42.891", "updated_at": "2021-12-01T14:39:42.891"}}, {"model": "inventory.stock", "pk": 63, "fields": {"item": 7, "batch": "DDSDS4", "supplier_name": 1, "ordered_price_currency": "MWK", "ordered_price": "3900.00", "previous_quantity": 46, "stock_in": 10, "new_quantity": 56, "unit_quantity": 1, "created_at": "2021-12-01T15:34:37.298", "updated_at": "2021-12-01T15:34:37.298"}}, {"model": "inventory.stock", "pk": 64, "fields": {"item": 8, "batch": "263635", "supplier_name": 1, "ordered_price_currency": "MWK", "ordered_price": "300.00", "previous_quantity": 47, "stock_in": 11, "new_quantity": 58, "unit_quantity": 1, "created_at": "2021-12-02T10:40:15.790", "updated_at": "2021-12-02T10:40:15.790"}}, {"model": "inventory.stock", "pk": 65, "fields": {"item": 8, "batch": "1231", "supplier_name": 1, "ordered_price_currency": "MWK", "ordered_price": "200.00", "previous_quantity": 58, "stock_in": 30, "new_quantity": 88, "unit_quantity": 1, "created_at": "2021-12-07T18:03:22.285", "updated_at": "2021-12-07T18:03:22.285"}}, {"model": "inventory.stock", "pk": 66, "fields": {"item": 8, "batch": "2333", "supplier_name": 2, "ordered_price_currency": "MWK", "ordered_price": "200.00", "previous_quantity": 88, "stock_in": 30, "new_quantity": 118, "unit_quantity": 1, "created_at": "2021-12-07T18:04:03.981", "updated_at": "2021-12-07T18:04:03.981"}}, {"model": "inventory.stock", "pk": 67, "fields": {"item": 7, "batch": "FW2", "supplier_name": 1, "ordered_price_currency": "MWK", "ordered_price": "3000.00", "previous_quantity": 56, "stock_in": 50, "new_quantity": 106, "unit_quantity": 1, "created_at": "2021-12-09T15:28:40.554", "updated_at": "2021-12-09T15:28:40.554"}}, {"model": "pos.customer", "pk": 1, "fields": {"name": "General Customer", "phone_number": null, "address": "Lilongwe", "total_orders": 1}}, {"model": "pos.customer", "pk": 2, "fields": {"name": "John Doe", "phone_number": null, "address": "LL", "total_orders": 0}}, {"model": "pos.orderitem", "pk": 1, "fields": {"order_id": "ORD0001", "user": 1, "item": 2, "customer": 1, "ordered": true, "quantity": 2, "ordered_item_price_currency": "MWK", "ordered_item_price": "1000.00", "ordered_items_total_currency": "MWK", "ordered_items_total": "2000.00", "ordered_time": "2023-09-25T11:46:02.083"}}, {"model": "pos.orderitem", "pk": 2, "fields": {"order_id": "ORD0002", "user": 1, "item": 6, "customer": 2, "ordered": false, "quantity": 2, "ordered_item_price_currency": "MWK", "ordered_item_price": "1000.00", "ordered_items_total_currency": "MWK", "ordered_items_total": "2000.00", "ordered_time": "2023-09-25T11:49:04.747"}}, {"model": "pos.payment", "pk": 1, "fields": {"customer": 1, "payment_mode": "Cash", "paid_amount_currency": "MWK", "paid_amount": "0.00", "created_at": "2023-09-25T11:24:28.114", "updated_at": "2023-09-25T11:24:28.114", "reference": "DEFAULT"}}]